CREATE DATABASE  IF NOT EXISTS `libronegro` /*!40100 DEFAULT CHARACTER SET utf8 */;
USE `libronegro`;
-- MySQL dump 10.13  Distrib 5.7.21, for Linux (x86_64)
--
-- Host: 127.0.0.1    Database: libronegro
-- ------------------------------------------------------
-- Server version	5.7.21-0ubuntu0.17.10.1

/*!40101 SET @OLD_CHARACTER_SET_CLIENT=@@CHARACTER_SET_CLIENT */;
/*!40101 SET @OLD_CHARACTER_SET_RESULTS=@@CHARACTER_SET_RESULTS */;
/*!40101 SET @OLD_COLLATION_CONNECTION=@@COLLATION_CONNECTION */;
/*!40101 SET NAMES utf8 */;
/*!40103 SET @OLD_TIME_ZONE=@@TIME_ZONE */;
/*!40103 SET TIME_ZONE='+00:00' */;
/*!40014 SET @OLD_UNIQUE_CHECKS=@@UNIQUE_CHECKS, UNIQUE_CHECKS=0 */;
/*!40014 SET @OLD_FOREIGN_KEY_CHECKS=@@FOREIGN_KEY_CHECKS, FOREIGN_KEY_CHECKS=0 */;
/*!40101 SET @OLD_SQL_MODE=@@SQL_MODE, SQL_MODE='NO_AUTO_VALUE_ON_ZERO' */;
/*!40111 SET @OLD_SQL_NOTES=@@SQL_NOTES, SQL_NOTES=0 */;

--
-- Table structure for table `admision`
--

DROP TABLE IF EXISTS `admision`;
/*!40101 SET @saved_cs_client     = @@character_set_client */;
/*!40101 SET character_set_client = utf8 */;
CREATE TABLE `admision` (
  `idAdmision` int(11) NOT NULL AUTO_INCREMENT,
  `cama` varchar(15) COLLATE utf8_spanish2_ci NOT NULL,
  `edad` varchar(2) COLLATE utf8_spanish2_ci NOT NULL,
  `diagnostico` varchar(50) COLLATE utf8_spanish2_ci NOT NULL,
  `observaciones` varchar(50) COLLATE utf8_spanish2_ci NOT NULL,
  `idHistClinica` int(11) NOT NULL,
  `obraSocial` varchar(45) COLLATE utf8_spanish2_ci NOT NULL,
  `idSectorAdmision` int(11) NOT NULL,
  `nombreApellido` varchar(45) COLLATE utf8_spanish2_ci NOT NULL,
  `fechaIngreso` date NOT NULL,
  PRIMARY KEY (`idAdmision`)
) ENGINE=InnoDB AUTO_INCREMENT=12 DEFAULT CHARSET=utf8 COLLATE=utf8_spanish2_ci;
/*!40101 SET character_set_client = @saved_cs_client */;

--
-- Dumping data for table `admision`
--

LOCK TABLES `admision` WRITE;
/*!40000 ALTER TABLE `admision` DISABLE KEYS */;
INSERT INTO `admision` VALUES (1,'42','12','safasfsa','afsfsaasf',2,'sfaasfsfa',2,'sfaasf','2018-03-06'),(2,'42','12','safasfsa','afsfsaasf',2,'sfaasfsfa',2,'sfaasf','2018-03-06'),(3,'42','12','safasfsa','afsfsaasf',2,'sfaasfsfa',2,'sfaasf','2018-03-06'),(4,'42','12','safasfsa','afsfsaasf',2,'sfaasfsfa',0,'sfaasf','2018-03-06'),(5,'2','46','fasfsa','asf',12,'sfa',1,'saf','2018-03-06'),(6,'1','21','sfa','asf',12,'fa',1,'fas','2018-03-21'),(7,'12','12','asf','rwq',12,'wrq',3,'afwqr','2018-03-14'),(8,'12','31','afssaf','sfasaf',12,'asfsfa',1,'safsafsa','2018-03-20'),(9,'12','11','asfasf','safsfa',12,'asf',1,'asf','2018-03-14'),(10,'12','11','asfasf','safsfa',12,'asf',4,'asf','2018-03-14'),(11,'12','11','asfasf','safsfa',12,'asf',3,'asf','2018-03-14');
/*!40000 ALTER TABLE `admision` ENABLE KEYS */;
UNLOCK TABLES;

--
-- Table structure for table `barrio`
--

DROP TABLE IF EXISTS `barrio`;
/*!40101 SET @saved_cs_client     = @@character_set_client */;
/*!40101 SET character_set_client = utf8 */;
CREATE TABLE `barrio` (
  `idBarrio` int(11) NOT NULL,
  `Barrio` varchar(55) DEFAULT NULL,
  PRIMARY KEY (`idBarrio`)
) ENGINE=InnoDB DEFAULT CHARSET=utf8;
/*!40101 SET character_set_client = @saved_cs_client */;

--
-- Dumping data for table `barrio`
--

LOCK TABLES `barrio` WRITE;
/*!40000 ALTER TABLE `barrio` DISABLE KEYS */;
INSERT INTO `barrio` VALUES (0,'Área no abarcada por barrios'),(1,'1 DE MAYO'),(2,'2 DE SEPTIEMBRE'),(3,'20 DE JUNIO'),(4,'23 DE ABRIL'),(5,'25 DE MAYO'),(6,'4 DE FEBRERO'),(7,'ACHAVAL PENA'),(8,'ACOSTA'),(9,'AERONAUTICO - VILLA ZAPPELIN'),(10,'AEROPUERTO'),(11,'AIRES DEL SUR'),(12,'ALBERDI'),(13,'ALBORADA NORTE'),(14,'ALBORADA SUR'),(15,'ALEJANDRO CENTENO'),(16,'ALMIRANTE BROWN'),(17,'ALTA CORDOBA'),(18,'ALTAMIRA'),(19,'ALTO ALBERDI'),(20,'ALTO DE DON BOSCO'),(21,'ALTO DE SANTA ANA'),(22,'ALTO HERMOSO'),(23,'ALTO PALERMO'),(24,'ALTO VERDE'),(26,'ALTOS DE VELEZ SARSFIELD'),(27,'ALTOS DE VILLA CABRERA'),(28,'ALTOS SAN MARTIN'),(29,'ALTOS SUD DE SAN VICENTE'),(30,'AMEGHINO NORTE'),(31,'AMEGHINO SUD'),(32,'AMPLIACION ALTAMIRA'),(33,'AMPLIACION BENJAMIN MATIENZO'),(34,'AMPLIACION CABO FARINA'),(35,'AMPLIACION EMPALME'),(36,'AMPLIACION GENERAL ARTIGAS'),(37,'AMPLIACION JARDIN ESPINOSA'),(38,'AMPLIACION JOSE IGNACIO DIAZ SECCION 2'),(39,'AMPLIACION JOSE IGNACIO DIAZ SECCION 3'),(40,'AMPLIACION KENNEDY'),(41,'AMPLIACION LAS PALMAS'),(42,'AMPLIACION LOS ALAMOS'),(43,'AMPLIACION LOS PLATANOS'),(44,'AMPLIACION PALMAR'),(45,'AMPLIACION PANAMERICANO'),(46,'AMPLIACION PARQUE SAN CARLOS'),(47,'AMPLIACION POETA LUGONES'),(48,'AMPLIACION PRIMERO DE MAYO'),(49,'AMPLIACION PUEYRREDON'),(50,'AMPLIACION RESIDENCIAL AMERICA'),(51,'AMPLIACION ROSEDAL'),(52,'AMPLIACION SAN FERNANDO'),(53,'AMPLIACION SAN PABLO'),(54,'AMPLIACION URCA'),(55,'AMPLIACION VELEZ SARSFIELD'),(56,'ANA MARIA ZUMARAN'),(57,'ANEXO LOS ALAMOS'),(58,'APEADERO LA TABLADA'),(59,'ARGUELLO'),(60,'ARGUELLO II'),(61,'ARGUELLO NORTE'),(62,'ARTURO CAPDEVILA'),(63,'ATE'),(64,'AVENIDA'),(65,'AYACUCHO'),(66,'BAJADA DE PIEDRA'),(67,'BAJADA SAN ROQUE'),(68,'BAJO GALAN'),(69,'BAJO GENERAL PAZ'),(70,'BARRANCAS DEL SUR'),(72,'BELLA VISTA'),(73,'BELLA VISTA OESTE'),(74,'BETANIA'),(75,'BH_CAMINO A 60 CUADRAS'),(76,'BIALET MASSE'),(77,'BOEDO'),(78,'BRIGADIER SAN MARTIN'),(79,'CABANA DEL PILAR'),(80,'CABO FARINA'),(81,'CACERES'),(82,'CALIFORNIA'),(83,'CAMINO A SAN CARLOS'),(84,'CAMINO A VILLA POSSE'),(85,'CARBO'),(86,'CAROLA LORENZINI'),(87,'CARRARA'),(88,'CASEROS'),(89,'CENTRO'),(90,'CENTRO AMERICA'),(91,'CERRO CHICO'),(92,'CERRO DE LAS ROSAS'),(93,'CERRO NORTE'),(94,'CERVECEROS'),(95,'CHATEAU CARRERAS'),(97,'CIUDAD AMPLIACION CABILDO'),(98,'CIUDAD DE JUAN PABLO II'),(99,'CIUDAD DE LOS CUARTETOS'),(100,'CIUDAD DE MIS SUENOS'),(101,'CIUDAD EVITA'),(102,'CIUDAD MI ESPERANZA'),(103,'CIUDAD OBISPO ANGELELLI'),(104,'CIUDAD PARQUE LAS ROSAS'),(105,'CIUDAD VILLA RETIRO'),(106,'CIUDADELA'),(107,'CLAROS DEL BOSQUE'),(108,'COFICO'),(109,'COLINAS DE BELLA VISTA'),(110,'COLINAS DE VELEZ SARSFIELD'),(111,'COLINAS DEL CERRO'),(112,'COLON'),(113,'COLONIA LOLA'),(114,'COMANDANTE ESPORA'),(115,'COMERCIAL'),(116,'CONGRESO'),(117,'CONSORCIO 16 DE NOVIEMBRE'),(118,'CONSORCIO ESPERANZA'),(119,'COOPERATIVA 16 DE NOVIEMBRE'),(120,'COOPERATIVA EL FUTURO'),(121,'COOPERATIVA LA HERMOSA'),(122,'COOPERATIVA LA UNIDAD'),(123,'CORDOBA IV'),(124,'CORDOBA V'),(125,'CORRAL DE PALOS'),(126,'COSTA VERDE'),(127,'COUNTRY ALTOS DEL CHATEAU'),(128,'COUNTRY BARRANCAS'),(130,'COUNTRY CLUB'),(131,'COUNTRY FORTIN DEL POZO'),(132,'COUNTRY JOCKEY CLUB'),(133,'COUNTRY LA RESERVA'),(134,'COUNTRY LA SANTINA - COUNTRY CAMPIÑA DEL SUR'),(135,'COUNTRY LAS DELICIAS'),(136,'COUNTRY LOMAS DE LA CAROLINA'),(137,'COUNTRY LOS ALGARROBOS'),(138,'COUNTRY LOS MIMBRES'),(139,'COUNTRY RANCH CLUB'),(140,'COUNTRY VALLE ESCONDIDO'),(141,'CRISOL NORTE'),(142,'CRISOL SUD'),(143,'CUPANI'),(144,'DE LOS BIOQUIMICOS'),(145,'DE LOS DOCENTES'),(146,'DEAN FUNES'),(147,'DUCASSE'),(148,'EJERCITO ARGENTINO'),(149,'EL BOSQUE'),(150,'EL CABILDO'),(151,'EL CERRITO'),(152,'EL PUEBLITO'),(153,'EL QUEBRACHAL'),(154,'EL QUEBRACHO'),(155,'EL REFUGIO'),(156,'EL TREBOL'),(157,'EL VIEJO ALGARROBO'),(158,'EMAUS'),(159,'EMPALME'),(160,'EMPALME CASAS DE OBREROS Y EMPLEADOS'),(161,'ESCOBAR'),(162,'ESTACION FLORES'),(163,'FERRER'),(164,'FERREYRA'),(165,'FERREYRA SEGUNDA SECCION'),(166,'FERROVIARIO MITRE'),(167,'FINCA LA DOROTEA'),(168,'FINCAS DEL SUR'),(169,'GENERAL ARENALES'),(170,'GENERAL ARTIGAS'),(171,'GENERAL BELGRANO'),(172,'GENERAL BUSTOS'),(173,'GENERAL MOSCONI'),(174,'GENERAL PAZ'),(175,'GENERAL PUEYRREDON'),(176,'GENERAL SAVIO'),(177,'GRANADERO PRINGLES'),(178,'GRANJA DE FUNES'),(180,'GUARNICION MILITAR CORDOBA'),(181,'GUAYAQUIL'),(182,'GUEMES'),(184,'GUINAZU'),(185,'GUINAZU SUD'),(186,'HIPOLITO IRIGOYEN'),(187,'HOGAR PROPIO'),(188,'HORIZONTE'),(189,'INAUDI'),(190,'INDEPENDENCIA'),(191,'INDUSTRIAL ESTE'),(192,'INDUSTRIAL OESTE'),(193,'IPONA'),(194,'IPV ANEXO LOS GIGANTES'),(195,'IRUPE'),(196,'ITUZAINGO'),(197,'ITUZAINGO ANEXO'),(198,'ITUZAINGO II'),(199,'JARDIN'),(200,'JARDIN DEL CLARET'),(201,'JARDIN DEL PILAR'),(202,'JARDIN DEL SUD'),(203,'JARDIN ESPINOSA'),(204,'JARDIN HIPODROMO'),(205,'JARDINES DEL JOCKEY'),(206,'JERONIMO LUIS DE CABRERA'),(207,'JOCKEY CLUB'),(208,'JOSE HERNANDEZ'),(209,'JOSE I RUCCI'),(211,'JOSE IGNACIO DIAZ SECCION 1'),(212,'JOSE IGNACIO DIAZ SECCION 2'),(213,'JOSE IGNACIO DIAZ SECCION 3'),(214,'JUAN B JUSTO'),(215,'JUAN XXIII'),(216,'JUNIORS'),(217,'KAIROS'),(218,'KENNEDY'),(219,'LA CAROLINA'),(220,'LA DOROTEA'),(221,'LA ESPERANZA'),(222,'LA FLORESTA'),(223,'LA FRANCE'),(224,'LA FRATERNIDAD'),(225,'LA HORTENSIA'),(226,'LA SALLE'),(227,'LA TOMA'),(228,'LAMADRID'),(229,'LAS CANITAS'),(230,'LAS CANUELAS'),(231,'LAS CORTADERAS'),(232,'LAS DALIAS'),(233,'LAS FLORES'),(234,'LAS HUERTILLAS'),(235,'LAS LILAS'),(236,'LAS MAGNOLIAS'),(237,'LAS MARGARITAS'),(238,'LAS PALMAS'),(239,'LAS PALMAS ANEXO'),(240,'LAS PLAYAS'),(241,'LAS ROSAS'),(242,'LAS VIOLETAS'),(243,'LICEO GENERAL PAZ'),(244,'LOMAS DE SAN MARTIN'),(245,'LOS ALAMOS'),(246,'LOS ANGELES'),(247,'LOS BOULEVARES'),(248,'LOS CEIBOS'),(249,'LOS CHINGOLOS'),(250,'LOS EUCALIPTUS'),(251,'LOS FILTROS'),(252,'LOS FRESNOS'),(253,'LOS GIGANTES'),(254,'LOS GRANADOS'),(255,'LOS HORNILLOS'),(256,'LOS JACARANDAES'),(257,'LOS JOSEFINOS'),(258,'LOS NARANJOS'),(259,'LOS OLMOS'),(260,'LOS OLMOS SUD'),(261,'LOS PARAISOS'),(262,'LOS PINOS'),(263,'LOS PLATANOS'),(264,'LOS ROBLES'),(265,'LOS SAUCES'),(266,'LOURDES'),(267,'MAIPU SECCION 1'),(268,'MAIPU SECCION 2'),(269,'MALDONADO'),(270,'MARCELO T DE ALVEAR'),(271,'MARCOS SASTRE'),(272,'MARECHAL'),(273,'MARIA LASTENIA'),(274,'MARIANO BALCARCE'),(275,'MARIANO FRAGUEIRO'),(276,'MARQUES ANEXO'),(277,'MARQUES DE SOBREMONTE'),(278,'MAULLER'),(279,'MAURIZI'),(280,'MERCANTIL'),(281,'MILITAR GENERAL DEHEZA'),(282,'MIRADOR'),(283,'MIRADOR DEL CHATEAU'),(284,'MIRALTA'),(285,'MIRIZZI'),(286,'MUTUAL DE LOS DOCENTES'),(287,'NICOLAS AVELLANEDA'),(288,'NUESTRO HOGAR I'),(289,'NUESTRO HOGAR II'),(290,'NUESTRO HOGAR III'),(291,'NUEVA CORDOBA'),(292,'NUEVA CORDOBA ANEXA'),(293,'NUEVA ITALIA'),(294,'NUEVO URCA'),(295,'OBRERO'),(296,'OBSERVATORIO'),(297,'OMBU'),(298,'ONA'),(299,'OSN'),(300,'PADRE CLARET'),(301,'PALERMO BAJO'),(302,'PALMAR'),(303,'PALMAS DEL CLARET'),(304,'PANAMERICANO'),(305,'PARQUE ALAMEDA'),(306,'PARQUE ATLANTICA'),(307,'PARQUE CAPITAL'),(308,'PARQUE CAPITAL SUD'),(309,'PARQUE CHACABUCO'),(310,'PARQUE CHATEAU CARRERAS'),(311,'PARQUE COREMA'),(312,'PARQUE DE LA VEGA II'),(313,'PARQUE DE LA VEGA III'),(314,'PARQUE DEL ESTE'),(315,'PARQUE DON BOSCO'),(316,'PARQUE FUTURA'),(317,'PARQUE JORGE NEWBERY'),(318,'PARQUE LATINO'),(319,'PARQUE LICEO SECCION 1'),(320,'PARQUE LICEO SECCION 2'),(321,'PARQUE LICEO SECCION 3'),(322,'PARQUE LOS MOLINOS'),(323,'PARQUE MODELO'),(324,'PARQUE MONTECRISTO'),(325,'PARQUE REPUBLICA'),(326,'PARQUE SAN CARLOS'),(327,'PARQUE SAN VICENTE'),(328,'PARQUE TABLADA'),(329,'PARQUE VELEZ SARSFIELD'),(330,'PASO DE LOS ANDES'),(331,'PATRIA'),(332,'PATRICIOS'),(333,'PATRICIOS ESTE'),(334,'PATRICIOS NORTE'),(335,'PATRICIOS OESTE'),(336,'PIEDRAS BLANCAS'),(337,'POETA LUGONES'),(338,'POLICARPIO CABRAL'),(339,'POLICIAL'),(340,'PORTAL DE CORDOBA'),(341,'PORTAL DEL JACARANDA'),(342,'POSTA DE VARGAS'),(343,'PRIMERA JUNTA'),(344,'PROVIDENCIA'),(345,'PUENTE BLANCO'),(346,'QUEBRADA DE LAS ROSAS'),(347,'QUINTA SANTA ANA'),(348,'QUINTAS DE ARGUELLO'),(349,'QUINTAS DE FLORES'),(350,'QUINTAS DE ITALIA'),(351,'QUINTAS DE SAN JORGE'),(352,'RAMON J CARCANO'),(353,'RECREO DEL NORTE'),(354,'REMEDIOS DE ESCALADA'),(355,'RENACIMIENTO'),(356,'RENE FAVALORO'),(357,'RENE FAVALORO II'),(358,'RES CHATEAU CARRERAS CO VI CO'),(359,'RESIDENCIAL AMERICA'),(360,'RESIDENCIAL ARAGON'),(361,'RESIDENCIAL OLIVOS'),(362,'RESIDENCIAL SAN CARLOS'),(363,'RESIDENCIAL SAN JORGE'),(364,'RESIDENCIAL SAN ROQUE'),(365,'RESIDENCIAL SANTA ANA'),(366,'RESIDENCIAL SANTA ROSA'),(367,'RESIDENCIAL SUD'),(368,'RESIDENCIAL VELEZ SARSFIELD'),(369,'RIVADAVIA'),(370,'RIVERA INDARTE'),(372,'ROGELIO MARTINEZ'),(373,'ROSEDAL'),(374,'ROSEDAL ANEXO'),(375,'SACHI'),(376,'SAN ANTONIO'),(377,'SAN CAYETANO'),(378,'SAN DANIEL'),(379,'SAN FELIPE'),(380,'SAN FERNANDO'),(381,'SAN FRANCISCO'),(382,'SAN IGNACIO'),(383,'SAN JAVIER'),(384,'SAN JOSE'),(385,'SAN LORENZO'),(386,'SAN LORENZO NORTE'),(387,'SAN LUIS DE FRANCIA'),(388,'SAN MARCELO'),(389,'SAN MARTIN'),(391,'SAN MARTIN ANEXO'),(392,'SAN MARTIN NORTE'),(393,'SAN NICOLAS'),(394,'SAN PABLO'),(395,'SAN PEDRO NOLASCO'),(396,'SAN RAFAEL'),(397,'SAN RAMON'),(398,'SAN SALVADOR'),(399,'SAN VICENTE'),(400,'SANTA CECILIA'),(401,'SANTA CLARA DE ASIS'),(402,'SANTA ISABEL ANEXO'),(403,'SANTA ISABEL SECCION 1'),(404,'SANTA ISABEL SECCION 2'),(405,'SANTA ISABEL SECCION 3'),(406,'SANTA RITA'),(407,'SARGENTO CABRAL'),(408,'SARMIENTO'),(409,'SEP'),(410,'SEP SEGUNDA ETAPA'),(411,'SMATA'),(412,'SOLARES DE SANTA MARIA - ALTOS DE MANANTIALES'),(413,'SUAREZ'),(414,'TABLADA PARK'),(415,'TALLERES ESTE'),(416,'TALLERES OESTE'),(417,'TALLERES SUD'),(418,'TEJAS DEL SUR'),(419,'TEJAS II'),(420,'TENIENTE BENJAMIN MATIENZO'),(421,'TEODORO FELDS'),(422,'TRANVIARIOS'),(423,'UOCRA'),(424,'URCA'),(425,'URITORCO'),(426,'URQUIZA'),(427,'VALLE DEL CERRO'),(428,'VASQUEZ'),(429,'VICOR'),(430,'VILLA 4 DE AGOSTO'),(431,'VILLA 9 DE JULIO'),(432,'VILLA ADELA'),(433,'VILLA ALBERDI'),(434,'VILLA ALBERTO'),(435,'VILLA ALICIA RISLER'),(436,'VILLA ALLENDE PARQUE'),(437,'VILLA ARGENTINA'),(438,'VILLA ASPACIA'),(439,'VILLA AVALOS'),(440,'VILLA AZALAIS'),(441,'VILLA AZALAIS ANEXO'),(442,'VILLA AZALAIS OESTE'),(443,'VILLA BELGRANO'),(444,'VILLA BUSTOS'),(445,'VILLA CABRERA'),(446,'VILLA CENTENARIO'),(447,'VILLA CLARET'),(448,'VILLA CLAUDINA'),(449,'VILLA CORINA'),(450,'VILLA CORNU'),(451,'VILLA CORONEL OLMEDO'),(452,'VILLA EL LIBERTADOR'),(453,'VILLA ESQUIU'),(454,'VILLA EUCARISTICA'),(455,'VILLA GENERAL URQUIZA'),(456,'VILLA GRAN PARQUE'),(457,'VILLA LA MERCED'),(458,'VILLA MAFEKIN'),(459,'VILLA MARTA'),(460,'VILLA MARTINEZ'),(461,'VILLA PAEZ'),(462,'VILLA QUISQUIZACATE'),(463,'VILLA RETIRO'),(464,'VILLA REVOL'),(465,'VILLA REVOL ANEXO'),(466,'VILLA RIVADAVIA'),(467,'VILLA RIVERA INDARTE'),(468,'VILLA SAN CARLOS'),(469,'VILLA SAN ISIDRO'),(470,'VILLA SERRANA'),(471,'VILLA SIBURU'),(472,'VILLA SILVANO FUNES'),(473,'VILLA SOLFERINO'),(474,'VILLA UNION'),(475,'VILLA WARCALDE'),(477,'VIVERO NORTE'),(478,'YAPEYU'),(479,'YOFRE H'),(480,'YOFRE I'),(481,'YOFRE NORTE'),(482,'YOFRE SUD'),(483,'ZEPA'),(484,'MANATIALES I - MANATIALES II'),(999,'Instituciones colectivas no abarcadas por barrios');
/*!40000 ALTER TABLE `barrio` ENABLE KEYS */;
UNLOCK TABLES;

--
-- Table structure for table `cama`
--

DROP TABLE IF EXISTS `cama`;
/*!40101 SET @saved_cs_client     = @@character_set_client */;
/*!40101 SET character_set_client = utf8 */;
CREATE TABLE `cama` (
  `idCama` int(11) NOT NULL AUTO_INCREMENT,
  `nroCama` int(11) DEFAULT NULL,
  `Sala_idSala` int(11) NOT NULL,
  PRIMARY KEY (`idCama`)
) ENGINE=InnoDB AUTO_INCREMENT=62 DEFAULT CHARSET=utf8;
/*!40101 SET character_set_client = @saved_cs_client */;

--
-- Dumping data for table `cama`
--

LOCK TABLES `cama` WRITE;
/*!40000 ALTER TABLE `cama` DISABLE KEYS */;
INSERT INTO `cama` VALUES (1,1,1),(2,1,2),(3,2,2),(4,3,2),(5,4,2),(6,5,2),(7,6,2),(8,7,2),(9,8,2),(10,9,2),(11,10,2),(12,11,2),(13,12,2),(14,13,2),(15,14,2),(16,15,2),(17,16,2),(18,17,2),(19,18,2),(20,19,2),(21,20,2),(22,1,3),(23,2,3),(24,3,3),(25,4,3),(26,5,3),(27,6,3),(28,7,3),(29,8,3),(30,9,3),(31,10,3),(32,11,3),(33,12,3),(34,13,3),(35,14,3),(36,15,3),(37,16,3),(38,17,3),(39,18,3),(40,19,3),(41,20,3),(42,1,4),(43,2,4),(44,3,4),(45,4,4),(46,5,4),(47,6,4),(48,7,4),(49,8,4),(50,9,4),(51,10,4),(52,1,5),(53,2,5),(54,3,5),(55,4,5),(56,5,5),(57,6,5),(58,7,5),(59,8,5),(60,9,5),(61,10,5);
/*!40000 ALTER TABLE `cama` ENABLE KEYS */;
UNLOCK TABLES;

--
-- Table structure for table `cie10`
--

DROP TABLE IF EXISTS `cie10`;
/*!40101 SET @saved_cs_client     = @@character_set_client */;
/*!40101 SET character_set_client = utf8 */;
CREATE TABLE `cie10` (
  `idCIE10` varchar(3) NOT NULL,
  `Descripcion` varchar(200) DEFAULT NULL,
  PRIMARY KEY (`idCIE10`)
) ENGINE=InnoDB DEFAULT CHARSET=utf8;
/*!40101 SET character_set_client = @saved_cs_client */;

--
-- Dumping data for table `cie10`
--

LOCK TABLES `cie10` WRITE;
/*!40000 ALTER TABLE `cie10` DISABLE KEYS */;
INSERT INTO `cie10` VALUES ('A01','Fiebres tifoidea y paratifoidea'),('A02','Otras infecciones debidas a Salmonella'),('A03','Shigelosis'),('A04','Otras infecciones intestinales bacterianas'),('A05','Otras intoxicaciones alimentarias bacterianas'),('A06','Amebiasis'),('A07','Otras enfermedades intestinales debidas a protozoarios'),('A08','Infecciones intestinales debidas a virus y otros organismos especificados'),('A09','Diarrea y gastroenteritis de presunto origen infeccioso'),('A15','Tuberculosis respiratoria, confirmada bacteriológica e histológicamente'),('A16','Tuberculosis respiratoria, no confirmada bacteriológica o histológicamente'),('A17','Tuberculosis del sistema nervioso'),('A18','Tuberculosis de otros órganos'),('A19','Tuberculosis miliar'),('A20','Peste'),('A21','Tularemia'),('A22','Carbunco [ántrax]'),('A23','Brucelosis'),('A24','Muermo y melioidosis'),('A25','Fiebres por mordedura de rata'),('A26','Erisipeloide'),('A27','Leptospirosis'),('A28','Otras enfermedades zoonóticas bacterianas, no clasificadas en otra parte'),('A30','Lepra [enfermedad de Hansen]'),('A31','Infecciones debidas a otras micobacterias'),('A32','Listeriosis'),('A33','Tétanos neonatal'),('A34','Tétanos obstétrico'),('A35','Otros tétanos'),('A36','Difteria'),('A37','Tos ferina [tos convulsiva]'),('A38','Escarlatina'),('A39','Infección meningocócica'),('A40','Septicemia estreptocócica'),('A41','Otras septicemias'),('A42','Actinomicosis'),('A43','Nocardiosis'),('A44','Bartonelosis'),('A46','Erisipela'),('A48','Otras enfermedades bacterianas, no clasificadas en otra parte'),('A49','Infección bacteriana de sitio no especificado'),('A50','Sífilis congénita'),('A51','Sífilis precoz'),('A52','Sífilis tardía'),('A53','Otras sífilis y las no especificadas'),('A54','Infección gonocócica'),('A55','Linfogranuloma (venéreo) por clamidias'),('A56','Otras enfermedades de transmisión sexual debidas a clamidias'),('A57','Chancro blando'),('A58','Granuloma inguinal'),('A59','Tricomoniasis'),('A60','Infección anogenital debida a virus del herpes [herpes simple]'),('A63','Otras enfermedades de transmisión predominantemente sexual, no clasificadas en otra parte'),('A64','Enfermedad de transmisión sexual no especificada'),('A65','Sífilis no venérea'),('A66','Frambesia'),('A67','Pinta [carate]'),('A68','Fiebres recurrentes'),('A69','Otras infecciones causadas por espiroquetas'),('A70','Infección debida a Chlamydia psittaci'),('A71','Tracoma'),('A74','Otras enfermedades causadas por clamidias'),('A75','Tifus'),('A77','Fiebre maculosa [rickettsiosis transmitida por garrapatas]'),('A78','Fiebre Q'),('A79','Otras rickettsiosis'),('A80','Poliomielitis aguda'),('A81','Infecciones del sistema nervioso central por virus lento'),('A82','Rabia'),('A83','Encefalitis viral transmitida por mosquitos'),('A84','Encefalitis viral transmitida por garrapatas'),('A85','Otras encefalitis virales, no clasificadas en otra parte'),('A86','Encefalitis viral, no especificada'),('A87','Meningitis viral'),('A88','Otras infecciones virales del sistema nervioso central, no clasificadas en otra parte'),('A89','Infección viral del sistema nervioso central, no especificada'),('A90','Fiebre del dengue [dengue clásico]'),('A91','Fiebre del dengue hemorrágico'),('A92','Otras fiebres virales transmitidas por mosquitos'),('A93','Otras fiebres virales transmitidas por artrópodos, no clasificadas en otra parte'),('A94','Fiebre viral transmitida por artrópodos, no especificada'),('A95','Fiebre amarilla'),('A96','Fiebre hemorrágica por arenavirus'),('A98','Otras fiebres virales hemorrágicas, no clasificadas en otra parte'),('A99','Fiebre viral hemorrágica, no especificada'),('B00','Infecciones herpéticas [herpes simple]'),('B01','Varicela'),('B02','Herpes zoster'),('B03','Viruela'),('B04','Viruela de los monos'),('B05','Sarampión'),('B06','Rubéola [sarampión alemán]'),('B07','Verrugas víricas'),('B08','Otras infecciones víricas caracterizadas por lesiones de la piel y de las membranas mucosas, no clasificadas en otra parte'),('B09','Infección viral no especificada, caracterizada por lesiones de la piel y de las membranas mucosas'),('B15','Hepatitis aguda tipo A'),('B16','Hepatitis aguda tipo B'),('B17','Otras hepatitis virales agudas'),('B18','Hepatitis viral crónica'),('B19','Hepatitis viral, sin otra especificación'),('B20','Enfermedad por virus de la inmunodeficiencia humana [VIH], resultante en enfermedades infecciosas y parasitarias'),('B21','Enfermedad por virus de la inmunodeficiencia humana [VIH], resultante en tumores malignos'),('B22','Enfermedad por virus de la inmunodeficiencia humana [VIH], resultante en otras enfermedades especificadas'),('B23','Enfermedad por virus de la inmunodeficiencia humana [VIH], resultante en otras afecciones'),('B24','Enfermedad por virus de la inmunodeficiencia humana [VIH], sin otra especificación'),('B25','Enfermedad debida a virus citomegálico'),('B26','Parotiditis infecciosa'),('B27','Mononucleosis infecciosa'),('B30','Conjuntivitis viral'),('B33','Otras enfermedades virales, no clasificadas en otra parte'),('B34','Infección viral de sitio no especificado'),('B35','Dermatofitosis'),('B36','Otras micosis superficiales'),('B37','Candidiasis'),('B38','Coccidioidomicosis'),('B39','Histoplasmosis'),('B40','Blastomicosis'),('B41','Paracoccidioidomicosis'),('B42','Esporotricosis'),('B43','Cromomicosis y absceso feomicótico'),('B44','Aspergilosis'),('B45','Criptococosis'),('B46','Cigomicosis'),('B47','Micetoma'),('B48','Otras micosis, no clasificadas en otra parte'),('B49','Micosis, no especificada'),('B50','Paludismo [malaria] debido a Plasmodium falciparum'),('B51','Paludismo [malaria] debido a Plasmodium vivax'),('B52','Paludismo [malaria] debido a Plasmodium malariae'),('B53','Otro paludismo [malaria] confirmado parasitológicamente'),('B54','Paludismo [malaria] no especificado'),('B55','Leishmaniasis'),('B56','Tripanosomiasis africana'),('B57','Enfermedad de Chagas'),('B58','Toxoplasmosis'),('B59','Neumocistosis'),('B60','Otras enfermedades debidas a protozoarios, no clasificadas en otra parte'),('B64','Enfermedad debida a protozoarios, no especificada'),('B65','Esquistosomiasis [bilharziasis]'),('B66','Otras infecciones debidas a trematodos'),('B67','Equinococosis'),('B68','Teniasis'),('B69','Cisticercosis'),('B70','Difilobotriasis y esparganosis'),('B71','Otras infecciones debidas a cestodos'),('B72','Dracontiasis'),('B73','Oncocercosis'),('B74','Filariasis'),('B75','Triquinosis'),('B76','Anquilostomiasis y necatoriasis'),('B77','Ascariasis'),('B78','Estrongiloidiasis'),('B79','Tricuriasis'),('B80','Enterobiasis'),('B81','Otras helmintiasis intestinales, no clasificadas en otra parte'),('B82','Parasitosis intestinales, sin otra especificación'),('B83','Otras helmintiasis'),('B85','Pediculosis y phthiriasis'),('B86','Escabiosis'),('B87','Miasis'),('B88','Otras infestaciones'),('B89','Enfermedad parasitaria, no especificada'),('B90','Secuelas de tuberculosis'),('B91','Secuelas de poliomielitis'),('B92','Secuelas de lepra'),('B94','Secuelas de otras enfermedades infecciosas y parasitarias y de las no especificadas'),('B95','Estreptococos y estafilococos como causa de enfermedades clasificadas en otros capítulos'),('B96','Otros agentes bacterianos como causa de enfermedades clasificadas en otros capítulos'),('B97','Agentes virales como causa de enfermedades clasificadas en otros capítulos'),('B99','Otras enfermedades infecciosas y las no especificadas'),('C00','Tumor maligno del labio'),('C01','Tumor maligno de la base de la lengua'),('C02','Tumor maligno de otras partes y de las no especificadas de la lengua'),('C03','Tumor maligno de la encía'),('C04','Tumor maligno del piso de la boca'),('C05','Tumor maligno del paladar'),('C06','Tumor maligno de otras partes y de las no especificadas de la boca'),('C07','Tumor maligno de la glándula parótida'),('C08','Tumor maligno de otras glándulas salivales mayores y de las no especificadas'),('C09','Tumor maligno de la amígdala'),('C10','Tumor maligno de la orofaringe'),('C11','Tumor maligno de la nasofaringe'),('C12','Tumor maligno del seno piriforme'),('C13','Tumor maligno de la hipofaringe'),('C14','Tumor maligno de otros sitios y de los mal definidos del labio, de la cavidad bucal y de la faringe'),('C15','Tumor maligno del esófago'),('C16','Tumor maligno del estómago'),('C17','Tumor maligno del intestino delgado'),('C18','Tumor maligno del colon'),('C19','Tumor maligno de la unión rectosigmoidea'),('C20','Tumor maligno del recto'),('C21','Tumor maligno del ano y del conducto anal'),('C22','Tumor maligno del hígado y de las vías biliares intrahepáticas'),('C23','Tumor maligno de la vesícula biliar'),('C24','Tumor maligno de otras partes y de las no especificadas de las vías biliares'),('C25','Tumor maligno del páncreas'),('C26','Tumor maligno de otros sitios y de los mal definidos de los órganos digestivos'),('C30','Tumor maligno de las fosas nasales y del oído medio'),('C31','Tumor maligno de los senos paranasales'),('C32','Tumor maligno de la laringe'),('C33','Tumor maligno de la tráquea'),('C34','Tumor maligno de los bronquios y del pulmón'),('C37','Tumor maligno del timo'),('C38','Tumor maligno del corazón, del mediastino y de la pleura'),('C39','Tumor maligno de otros sitios y de los mal definidos del sistema respiratorio y de los órganos intratorácicos'),('C40','Tumor maligno de los huesos y de los cartílagos articulares de los miembros'),('C41','Tumor maligno de los huesos y de los cartílagos articulares, de otros sitios y de sitios no especificados'),('C43','Melanoma maligno de la piel'),('C44','Otros tumores malignos de la piel'),('C45','Mesotelioma'),('C46','Sarcoma de Kaposi'),('C47','Tumor maligno de los nervios periféricos y del sistema nervioso autónomo'),('C48','Tumor maligno del peritoneo y del retroperitoneo'),('C49','Tumor maligno de otros tejidos conjuntivos y de tejidos blandos'),('C50','Tumor maligno de la mama'),('C51','Tumor maligno de la vulva'),('C52','Tumor maligno de la vagina'),('C53','Tumor maligno del cuello del útero'),('C54','Tumor maligno del cuerpo del útero'),('C55','Tumor maligno del útero, parte no especificada'),('C56','Tumor maligno del ovario'),('C57','Tumor maligno de otros órganos genitales femeninos y de los no especificados'),('C58','Tumor maligno de la placenta'),('C60','Tumor maligno del pene'),('C61','Tumor maligno de la próstata'),('C62','Tumor maligno del testículo'),('C63','Tumor maligno de otros órganos genitales masculinos y de los no especificados'),('C64','Tumor maligno del riñón, excepto de la pelvis renal'),('C65','Tumor maligno de la pelvis renal'),('C66','Tumor maligno del uréter'),('C67','Tumor maligno de la vejiga urinaria'),('C68','Tumor maligno de otros órganos urinarios y de los no especificados'),('C69','Tumor maligno del ojo y sus anexos'),('C70','Tumor maligno de las meninges'),('C71','Tumor maligno del encéfalo'),('C72','Tumor maligno de la médula espinal, de los nervios craneales y de otras partes del sistema nervioso central'),('C73','Tumor maligno de la glándula tiroides'),('C74','Tumor maligno de la glándula suprarrenal'),('C75','Tumor maligno de otras glándulas endocrinas y de estructuras afines'),('C76','Tumor maligno de otros sitios y de sitios mal definidos'),('C77','Tumor maligno secundario y el no especificado de los ganglios linfáticos'),('C78','Tumor maligno secundario de los órganos respiratorios y digestivos'),('C79','Tumor maligno secundario de otros sitios'),('C80','Tumor maligno de sitios no especificados'),('C81','Enfermedad de Hodgkin'),('C82','Linfoma no-Hodgkin folicular [nodular]'),('C83','Linfoma no-Hodgkin difuso'),('C84','Linfoma de células T, periférico y cutáneo'),('C85','Linfoma no-Hodgkin de otro tipo y el no especificado'),('C88','Enfermedades inmunoproliferativas malignas'),('C90','Mieloma múltiple y tumores malignos de células plasmáticas'),('C91','Leucemia linfoide'),('C92','Leucemia mieloide'),('C93','Leucemia monocítica'),('C94','Otras leucemias de tipo celular especificado'),('C95','Leucemia de células de tipo no especificado'),('C96','Otros tumores malignos y los no especificados del tejido linfático, de los órganos hematopoyéticos y de tejidos afines'),('C97','Tumores malignos (primarios) de sitios múltiples independientes'),('D00','Carcinoma in situ de la cavidad bucal, del esófago y del estómago'),('D01','Carcinoma in situ de otros órganos digestivos y de los no especificados'),('D02','Carcinoma in situ del sistema respiratorio y del oído medio'),('D03','Melanoma in situ'),('D04','Carcinoma in situ de la piel'),('D05','Carcinoma in situ de la mama'),('D06','Carcinoma in situ del cuello del útero'),('D07','Carcinoma in situ de otros órganos genitales y de los no especificados'),('D09','Carcinoma in situ de otros sitios y de los no especificados'),('D10','Tumor benigno de la boca y de la faringe'),('D11','Tumor benigno de las glándulas salivales mayores'),('D12','Tumor benigno del colon, del recto, del conducto anal y del ano'),('D13','Tumor benigno de otras partes y de las mal definidas del sistema digestivo'),('D14','Tumor benigno del oído medio y del sistema respiratorio'),('D15','Tumor benigno de otros órganos intratorácicos y de los no especificados'),('D16','Tumor benigno del hueso y del cartílago articular'),('D17','Tumores benignos lipomatosos'),('D18','Hemangioma y linfangioma de cualquier sitio'),('D19','Tumores benignos del tejido mesotelial'),('D20','Tumor benigno del tejido blando del peritoneo y del retroperitoneo'),('D21','Otros tumores benignos del tejido conjuntivo y de los tejidos blandos'),('D22','Nevo melanocítico'),('D23','Otros tumores benignos de la piel'),('D24','Tumor benigno de la mama'),('D25','Leiomioma del útero'),('D26','Otros tumores benignos del útero'),('D27','Tumor benigno del ovario'),('D28','Tumor benigno de otros órganos genitales femeninos y de los no especificados'),('D29','Tumor benigno de los órganos genitales masculinos'),('D30','Tumor benigno de los órganos urinarios'),('D31','Tumor benigno del ojo y sus anexos'),('D32','Tumores benignos de las meninges'),('D33','Tumor benigno del encéfalo y de otras partes del sistema nervioso central'),('D34','Tumor benigno de la glándula tiroides'),('D35','Tumor benigno de otras glándulas endocrinas y de las no especificadas'),('D36','Tumor benigno de otros sitios y de los no especificados'),('D37','Tumor de comportamiento incierto o desconocido de la cavidad bucal y de los órganos digestivos'),('D38','Tumor de comportamiento incierto o desconocido del oído medio y de los órganos respiratorios e intratorácicos'),('D39','Tumor de comportamiento incierto o desconocido de los órganos genitales femeninos'),('D40','Tumor de comportamiento incierto o desconocido de los órganos genitales masculinos'),('D41','Tumor de comportamiento incierto o desconocido de los órganos urinarios'),('D42','Tumor de comportamiento incierto o desconocido de las meninges'),('D43','Tumor de comportamiento incierto o desconocido del encéfalo y del sistema nervioso central'),('D44','Tumor de comportamiento incierto o desconocido de las glándulas endocrinas'),('D45','Policitemia vera'),('D46','Síndromes mielodisplásicos'),('D47','Otros tumores de comportamiento incierto o desconocido del tejido linfático, de los órganos hematopoyéticos y de tejidos afines'),('D48','Tumor de comportamiento incierto o desconocido de otros sitios y de los no especificados'),('D50','Anemias por deficiencia de hierro'),('D51','Anemia por deficiencia de vitamina B12'),('D52','Anemia por deficiencia de folatos'),('D53','Otras anemias nutricionales'),('D55','Anemia debida a trastornos enzimáticos'),('D56','Talasemia'),('D57','Trastornos falciformes'),('D58','Otras anemias hemolíticas hereditarias'),('D59','Anemia hemolítica adquirida'),('D60','Aplasia adquirida, exclusiva de la serie roja [eritroblastopenia]'),('D61','Otras anemias aplásticas'),('D62','Anemia posthemorrágica aguda'),('D64','Otras anemias'),('D65','Coagulación intravascular diseminada [síndrome de desfibrinación]'),('D66','Deficiencia hereditaria del factor VIII'),('D67','Deficiencia hereditaria del factor IX'),('D68','Otros defectos de la coagulación'),('D69','Púrpura y otras afecciones hemorrágicas'),('D70','Agranulocitosis'),('D71','Trastornos funcionales de los polimorfonucleares neutrófilos'),('D72','Otros trastornos de los leucocitos'),('D73','Enfermedades del bazo'),('D74','Metahemoglobinemia'),('D75','Otras enfermedades de la sangre y de los órganos hematopoyéticos'),('D76','Ciertas enfermedades que afectan al tejido linforreticular y al sistema reticuloendotelial'),('D80','Inmunodeficiencia con predominio de defectos de los anticuerpos'),('D81','Inmunodeficiencias combinadas'),('D82','Inmunodeficiencia asociada con otros defectos mayores'),('D83','Inmunodeficiencia variable común'),('D84','Otras inmunodeficiencias'),('D86','Sarcoidosis'),('D89','Otros trastornos que afectan el mecanismo de la inmunidad, no clasificados en otra parte'),('E00','Síndrome congénito de deficiencia de yodo'),('E01','Trastornos tiroideos vinculados a deficiencia de yodo y afecciones relacionadas'),('E02','Hipotiroidismo subclínico por deficiencia de yodo'),('E03','Otro hipotiroidismo'),('E04','Otro bocio no tóxico'),('E05','Tirotoxicosis [hipertiroidismo]'),('E06','Tiroiditis'),('E07','Otros trastornos tiroideos'),('E10','Diabetes mellitus insulinodependiente'),('E11','Diabetes mellitus no insulinodependiente'),('E12','Diabetes mellitus asociada con desnutrición'),('E13','Otras diabetes mellitus especificadas'),('E14','Diabetes mellitus, no especificada'),('E15','Coma hipoglicémico no diabético'),('E16','Otros trastornos de la secreción interna del páncreas'),('E20','Hipoparatiroidismo'),('E21','Hiperparatiroidismo y otros trastornos de la glándula paratiroides'),('E22','Hiperfunción de la glándula hipófisis'),('E23','Hipofunción y otros trastornos de la glándula hipófisis'),('E24','Síndrome de Cushing'),('E25','Trastornos adrenogenitales'),('E26','Hiperaldosteronismo'),('E27','Otros trastornos de la glándula suprarrenal'),('E28','Disfunción ovárica'),('E29','Disfunción testicular'),('E30','Trastornos de la pubertad, no clasificados en otra parte'),('E31','Disfunción poliglandular'),('E32','Enfermedades del timo'),('E34','Otros trastornos endocrinos'),('E40','Kwashiorkor'),('E41','Marasmo nutricional'),('E42','Kwashiorkor marasmático'),('E43','Desnutrición proteicocalórica severa no especificada'),('E44','Desnutrición proteicocalórica de grado moderado y leve'),('E45','Retardo del desarrollo debido a desnutrición proteicocalórica'),('E46','Desnutrición proteicocalórica, no especificada'),('E50','Deficiencia de vitamina A'),('E51','Deficiencia de tiamina'),('E52','Deficiencia de niacina [pelagra]'),('E53','Deficiencias de otras vitaminas del grupo B'),('E54','Deficiencia de ácido ascórbico'),('E55','Deficiencia de vitamina D'),('E56','Otras deficiencias de vitaminas'),('E58','Deficiencia dietética de calcio'),('E59','Deficiencia dietética de selenio'),('E60','Deficiencia dietética de zinc'),('E61','Deficiencias de otros elementos nutricionales'),('E63','Otras deficiencias nutricionales'),('E64','Secuelas de la desnutrición y de otras deficiencias nutricionales'),('E65','Adiposidad localizada'),('E66','Obesidad'),('E67','Otros tipos de hiperalimentación'),('E68','Secuelas de hiperalimentación'),('E70','Trastornos del metabolismo de los aminoácidos aromáticos'),('E71','Trastornos del metabolismo de los aminoácidos de cadena ramificada y de los ácidos grasos'),('E72','Otros trastornos del metabolismo de los aminoácidos'),('E73','Intolerancia a la lactosa'),('E74','Otros trastornos del metabolismo de los carbohidratos'),('E75','Trastornos del metabolismo de los esfingolípidos y otros trastornos por almacenamiento de lípidos'),('E76','Trastornos del metabolismo de los glucosaminoglicanos'),('E77','Trastornos del metabolismo de las glucoproteínas'),('E78','Trastornos del metabolismo de las lipoproteínas y otras lipidemias'),('E79','Trastornos del metabolismo de las purinas y de las pirimidinas'),('E80','Trastornos del metabolismo de las porfirinas y de la bilirrubina'),('E83','Trastornos del metabolismo de los minerales'),('E84','Fibrosis quística'),('E85','Amiloidosis'),('E86','Depleción de volumen'),('E87','Otros trastornos de los líquidos, de los electrólitos y del equilibrio ácido-básico'),('E88','Otros trastornos metabólicos'),('E89','Trastornos endocrinos y metabólicos consecutivos a procedimientos, no clasificados en otra parte'),('F01','Demencia vascular'),('F03','Demencia, no especificada'),('F04','Síndrome amnésico orgánico, no inducido por alcohol o por otras sustancias psicoactivas'),('F05','Delirio, no inducido por alcohol o por otras sustancias psicoactivas'),('F06','Otros trastornos mentales debidos a lesión y disfunción cerebral, y a enfermedad física'),('F07','Trastornos de la personalidad y del comportamiento debidos a enfermedad, lesión o disfunción cerebral'),('F09','Trastorno mental orgánico o sintomático, no especificado'),('F10','Trastornos mentales y del comportamiento debidos al uso de alcohol'),('F11','Trastornos mentales y del comportamiento debidos al uso de opiáceos'),('F12','Trastornos mentales y del comportamiento debidos al uso de cannabinoides'),('F13','Trastornos mentales y del comportamiento debidos al uso de sedantes o hipnóticos'),('F14','Trastornos mentales y del comportamiento debidos al uso de cocaína'),('F15','Trastornos mentales y del comportamiento debidos al uso de tros estimulantes, incluida la cafeína'),('F16','Trastornos mentales y del comportamiento debidos al uso de alucinógenos'),('F17','Trastornos mentales y del comportamiento debidos al uso de tabaco'),('F18','Trastornos mentales y del comportamiento debidos al uso de disolventes volátiles'),('F19','Trastornos mentales y del comportamiento debidos al uso de múltiples drogas y al uso de otras sustancias psicoactivas'),('F20','Esquizofrenia'),('F21','Trastorno esquizotípico'),('F22','Trastornos delirantes persistentes'),('F23','Trastornos psicóticos agudos y transitorios'),('F24','Trastorno delirante inducido'),('F25','Trastornos esquizoafectivos'),('F28','Otros trastornos psicóticos de origen no orgánico'),('F29','Psicosis de origen no orgánico, no especificada'),('F30','Episodio maníaco'),('F31','Trastorno afectivo bipolar'),('F32','Episodio depresivo'),('F33','Trastorno depresivo recurrente'),('F34','Trastornos del humor [afectivos] persistentes'),('F38','Otros trastornos del humor [afectivos]'),('F39','Trastorno del humor [afectivo], no especificado'),('F40','Trastornos fóbicos de ansiedad'),('F41','Otros trastornos de ansiedad'),('F42','Trastorno obsesivo-compulsivo'),('F43','Reacción al estrés grave y trastornos de adaptación'),('F44','Trastornos disociativos [de conversión]'),('F45','Trastornos somatomorfos'),('F48','Otros trastornos neuróticos'),('F50','Trastornos de la ingestión de alimentos'),('F51','Trastornos no orgánicos del sueño'),('F52','Disfunción sexual no ocasionada por trastorno ni enfermedad orgánicos'),('F53','Trastornos mentales y del comportamiento asociados con el puerperio, no clasificados en otra parte'),('F54','Factores psicológicos y del comportamiento asociados con trastornos o enfermedades clasificados en otra parte'),('F55','Abuso de sustancias que no producen dependencia'),('F59','Síndromes del comportamiento asociados con alteraciones fisiológicas y factores físicos, no especificados'),('F60','Trastornos específicos de la personalidad'),('F61','Trastornos mixtos y otros trastornos de la personalidad'),('F62','Cambios perdurables de la personalidad, no atribuibles a lesión o a enfermedad cerebral'),('F63','Trastornos de los hábitos y de los impulsos'),('F64','Trastornos de la identidad de género'),('F65','Trastornos de la preferencia sexual'),('F66','Trastornos psicológicos y del comportamiento asociados con el desarrollo y con la orientación sexuales'),('F68','Otros trastornos de la personalidad y del comportamiento en adultos'),('F69','Trastorno de la personalidad y del comportamiento en adultos, no especificado'),('F70','Retraso mental leve'),('F71','Retraso mental moderado'),('F72','Retraso mental grave'),('F73','Retraso mental profundo'),('F78','Otros tipos de retraso mental'),('F79','Retraso mental, no especificado'),('F80','Trastornos específicos del desarrollo del habla y del lenguaje'),('F81','Trastornos específicos del desarrollo de las habilidades escolares'),('F82','Trastorno específico del desarrollo de la función motriz'),('F83','Trastornos específicos mixtos del desarrollo'),('F84','Trastornos generalizados del desarrollo'),('F88','Otros trastornos del desarrollo psicológico'),('F89','Trastorno del desarrollo psicológico, no especificado'),('F90','Trastornos hipercinéticos'),('F91','Trastornos de la conducta'),('F92','Trastornos mixtos de la conducta y de las emociones'),('F93','Trastornos emocionales de comienzo específico en la niñez'),('F94','Trastornos del comportamiento social de comienzo específico en la niñez y en la adolescencia'),('F95','Trastornos por tics'),('F98','Otros trastornos emocionales y del comportamiento que aparecen habitualmente en la niñez y en la adolescencia'),('F99','Trastorno mental, no especificado'),('G00','Meningitis bacteriana, no clasificada en otra parte'),('G03','Meningitis debida a otras causas y a las no especificadas'),('G04','Encefalitis, mielitis y encefalomielitis'),('G06','Absceso y granuloma intracraneal e intrarraquídeo'),('G08','Flebitis y tromboflebitis intracraneal e intrarraquídea'),('G09','Secuelas de enfermedades inflamatorias del sistema nervioso central'),('G10','Enfermedad de Huntington'),('G11','Ataxia hereditaria'),('G12','Atrofia muscular espinal y síndromes afines'),('G20','Enfermedad de Parkinson'),('G21','Parkinsonismo secundario'),('G23','Otras enfermedades degenerativas de los núcleos de la base'),('G24','Distonía'),('G25','Otros trastornos extrapiramidales y del movimiento'),('G30','Enfermedad de Alzheimer'),('G31','Otras enfermedades degenerativas del sistema nervioso, no clasificadas en otra parte'),('G35','Esclerosis múltiple'),('G36','Otras desmielinizaciones diseminadas agudas'),('G37','Otras enfermedades desmielinizantes del sistema nervioso central'),('G40','Epilepsia'),('G41','Estado de mal epiléptico'),('G43','Migraña'),('G44','Otros síndromes de cefalea'),('G45','Ataques de isquemia cerebral transitoria y síndromes afines'),('G47','Trastornos del sueño'),('G50','Trastornos del nervio trigémino'),('G51','Trastornos del nervio facial'),('G52','Trastornos de otros nervios craneales'),('G54','Trastornos de las raíces y de los plexos nerviosos'),('G56','Mononeuropatías del miembro superior'),('G57','Mononeuropatías del miembro inferior'),('G58','Otras mononeuropatías'),('G60','Neuropatía hereditaria e idiopática'),('G61','Polineuropatía inflamatoria'),('G62','Otras polineuropatías'),('G64','Otros trastornos del sistema nervioso periférico'),('G70','Miastenia gravis y otros trastornos neuromusculares'),('G71','Trastornos musculares primarios'),('G72','Otras miopatías'),('G80','Parálisis cerebral infantil'),('G81','Hemiplejía'),('G82','Paraplejía y cuadriplejía'),('G83','Otros síndromes paralíticos'),('G90','Trastornos del sistema nervioso autónomo'),('G91','Hidrocéfalo'),('G92','Encefalopatía tóxica'),('G93','Otros trastornos del encéfalo'),('G95','Otras enfermedades de la médula espinal'),('G96','Otros trastornos del sistema nervioso central'),('G97','Trastornos del sistema nervioso consecutivos a procedimientos, no clasificados en otra parte'),('G98','Otros trastornos del sistema nervioso, no clasificados en otra parte'),('H00','Orzuelo y calacio'),('H01','Otras inflamaciones del párpado'),('H02','Otros trastornos de los párpados'),('H04','Trastornos del aparato lagrimal'),('H05','Trastornos de la órbita'),('H10','Conjuntivitis'),('H11','Otros trastornos de la conjuntiva'),('H15','Trastornos de la esclerótica'),('H16','Queratitis'),('H17','Opacidades y cicatrices corneales'),('H18','Otros trastornos de la córnea'),('H20','Iridociclitis'),('H21','Otros trastornos del iris y del cuerpo ciliar'),('H25','Catarata senil'),('H26','Otras cataratas'),('H27','Otros trastornos del cristalino'),('H30','Inflamación coriorretiniana'),('H31','Otros trastornos de la coroides'),('H33','Desprendimiento y desgarro de la retina'),('H34','Oclusión vascular de la retina'),('H35','Otros trastornos de la retina'),('H40','Glaucoma'),('H43','Trastornos del cuerpo vítreo'),('H44','Trastornos del globo ocular'),('H46','Neuritis óptica'),('H47','Otros trastornos del nervio óptico [II par] y de las vías ópticas'),('H49','Estrabismo paralítico'),('H50','Otros estrabismos'),('H51','Otros trastornos de los movimientos binoculares'),('H52','Trastornos de la acomodación y de la refracción'),('H53','Alteraciones de la visión'),('H54','Ceguera y disminución de la agudeza visual'),('H55','Nistagmo y otros movimientos oculares irregulares'),('H57','Otros trastornos del ojo y sus anexos'),('H59','Trastornos del ojo y sus anexos consecutivos a procedimientos, no clasificados en otra parte'),('H60','Otitis externa'),('H61','Otros trastornos del oído externo'),('H65','Otitis media no supurativa'),('H66','Otitis media supurativa y la no especificada'),('H68','Inflamación y obstrucción de la trompa de Eustaquio'),('H69','Otros trastornos de la trompa de Eustaquio'),('H70','Mastoiditis y afecciones relacionadas'),('H71','Colesteatoma del oído medio'),('H72','Perforación de la membrana timpánica'),('H73','Otros trastornos de la membrana timpánica'),('H74','Otros trastornos del oído medio y de la apófisis mastoides'),('H80','Otosclerosis'),('H81','Trastornos de la función vestibular'),('H83','Otros trastornos del oído interno'),('H90','Hipoacusia conductiva y neurosensorial'),('H91','Otras hipoacusias'),('H92','Otalgia y secreción del oído'),('H93','Otros trastornos del oído, no clasificados en otra parte'),('H95','Trastornos del oído y de la apófisis mastoides consecutivos a procedimientos, no clasificados en otra parte'),('I00','Fiebre reumática sin mención de complicación cardíaca'),('I01','Fiebre reumática con complicación cardíaca'),('I02','Corea reumática'),('I05','Enfermedades reumáticas de la válvula mitral'),('I06','Enfermedades reumáticas de la válvula aórtica'),('I07','Enfermedades reumáticas de la válvula tricúspide'),('I08','Enfermedades valvulares múltiples'),('I09','Otras enfermedades reumáticas del corazón'),('I10','Hipertensión esencial (primaria)'),('I11','Enfermedad cardíaca hipertensiva'),('I12','Enfermedad renal hipertensiva'),('I13','Enfermedad cardiorrenal hipertensiva'),('I15','Hipertensión secundaria'),('I20','Angina de pecho'),('I21','Infarto agudo del miocardio'),('I22','Infarto subsecuente del miocardio'),('I23','Ciertas complicaciones presentes posteriores al infarto agudo del miocardio'),('I24','Otras enfermedades isquémicas agudas del corazón'),('I25','Enfermedad isquémica crónica del corazón'),('I26','Embolia pulmonar'),('I27','Otras enfermedades cardiopulmonares'),('I28','Otras enfermedades de los vasos pulmonares'),('I30','Pericarditis aguda'),('I31','Otras enfermedades del pericardio'),('I33','Endocarditis aguda y subaguda'),('I34','Trastornos no reumáticos de la válvula mitral'),('I35','Trastornos no reumáticos de la válvula aórtica'),('I36','Trastornos no reumáticos de la válvula tricúspide'),('I37','Trastornos de la válvula pulmonar'),('I38','Endocarditis, válvula no especificada'),('I40','Miocarditis aguda'),('I42','Cardiomiopatía'),('I44','Bloqueo auriculoventricular y de rama izquierda del haz'),('I45','Otros trastornos de la conducción'),('I46','Paro cardíaco'),('I47','Taquicardia paroxística'),('I48','Fibrilación y aleteo auricular'),('I49','Otras arritmias cardíacas'),('I50','Insuficiencia cardíaca'),('I51','Complicaciones y descripciones mal definidas de enfermedad cardíaca'),('I60','Hemorragia subaracnoidea'),('I61','Hemorragia intraencefálica'),('I62','Otras hemorragias intracraneales no traumáticas'),('I63','Infarto cerebral'),('I64','Accidente vascular encefálico agudo, no especificado como hemorrágico o isquémico'),('I65','Oclusión y estenosis de las arterias precerebrales sin ocasionar infarto cerebral'),('I66','Oclusión y estenosis de las arterias cerebrales sin ocasionar infarto cerebral'),('I67','Otras enfermedades cerebrovasculares'),('I69','Secuelas de enfermedad cerebrovascular'),('I70','Aterosclerosis'),('I71','Aneurisma y disección aórticos'),('I72','Otros aneurismas'),('I73','Otras enfermedades vasculares periféricas'),('I74','Embolia y trombosis arteriales'),('I77','Otros trastornos arteriales o arteriolares'),('I78','Enfermedades de los vasos capilares'),('I80','Flebitis y tromboflebitis'),('I81','Trombosis de la vena porta'),('I82','Otras embolias y trombosis venosas'),('I83','Venas varicosas de los miembros inferiores'),('I84','Hemorroides'),('I85','Várices esofágicas'),('I86','Várices de otros sitios'),('I87','Otros trastornos de las venas'),('I88','Linfadenitis inespecífica'),('I89','Otros trastornos no infecciosos de los vasos y ganglios linfáticos'),('I95','Hipotensión'),('I97','Trastornos del sistema circulatorio consecutivos a procedimientos, no clasificados en otra parte'),('I99','Otros trastornos y los no especificados del sistema circulatorio'),('J00','Rinofaringitis aguda [resfriado común]'),('J01','Sinusitis aguda'),('J02','Faringitis aguda'),('J03','Amigdalitis aguda'),('J04','Laringitis y traqueítis agudas'),('J05','Laringitis obstructiva aguda [crup] y epiglotitis'),('J06','Infecciones agudas de las vías respiratorias superiores, de sitios múltiples o no especificados'),('J10','Influenza debida a virus de la influenza identificado'),('J11','Influenza debida a virus no identificado'),('J12','Neumonía viral, no clasificada en otra parte'),('J13','Neumonía debida a Streptococcus pneumoniae'),('J14','Neumonía debida a Haemophilus influenzae'),('J15','Neumonía bacteriana, no clasificada en otra parte'),('J16','Neumonía debida a otros microorganismos infecciosos, no clasificados en otra parte'),('J18','Neumonía, organismo no especificado'),('J20','Bronquitis aguda'),('J21','Bronquiolitis aguda'),('J22','Infección aguda no especificada de las vías respiratorias inferiores'),('J30','Rinitis alérgica y vasomotora'),('J31','Rinitis, rinofaringitis y faringitis crónicas'),('J32','Sinusitis crónica'),('J33','Pólipo nasal'),('J34','Otros trastornos de la nariz y de los senos paranasales'),('J35','Enfermedades crónicas de las amígdalas y de las adenoides'),('J36','Absceso periamigdalino'),('J37','Laringitis y laringotraqueítis crónicas'),('J38','Enfermedades de las cuerdas vocales y de la laringe, no clasificadas en otra parte'),('J39','Otras enfermedades de las vías respiratorias superiores'),('J40','Bronquitis, no especificada como aguda o crónica'),('J41','Bronquitis crónica simple y mucopurulenta'),('J42','Bronquitis crónica no especificada'),('J43','Enfisema'),('J44','Otras enfermedades pulmonares obstructivas crónicas'),('J45','Asma'),('J46','Estado asmático'),('J47','Bronquiectasia'),('J60','Neumoconiosis de los mineros del carbón'),('J61','Neumoconiosis debida al asbesto y a otras fibras minerales'),('J62','Neumoconiosis debida a polvo de sílice'),('J63','Neumoconiosis debida a otros polvos inorgánicos'),('J64','Neumoconiosis, no especificada'),('J65','Neumoconiosis asociada con tuberculosis'),('J66','Enfermedades de las vías aéreas debidas a polvos orgánicos específicos'),('J67','Neumonitis debida a hipersensibilidad al polvo orgánico'),('J68','Afecciones respiratorias debidas a inhalación de gases, humos, vapores y sustancias químicas'),('J69','Neumonitis debida a sólidos y líquidos'),('J70','Afecciones respiratorias debidas a otros agentes externos'),('J80','Síndrome de dificultad respiratoria del adulto'),('J81','Edema pulmonar'),('J82','Eosinofilia pulmonar, no clasificada en otra parte'),('J84','Otras enfermedades pulmonares intersticiales'),('J85','Absceso del pulmón y del mediastino'),('J86','Piotórax'),('J90','Derrame pleural no clasificado en otra parte'),('J92','Paquipleuritis'),('J93','Neumotórax'),('J94','Otras afecciones de la pleura'),('J95','Trastornos del sistema respiratorio consecutivos a procedimientos, no clasificados en otra parte'),('J96','Insuficiencia respiratoria, no clasificada en otra parte'),('J98','Otros trastornos respiratorios'),('K00','Trastornos del desarrollo y de la erupción de los dientes'),('K01','Dientes incluidos e impactados'),('K02','Caries dental'),('K03','Otras enfermedades de los tejidos duros de los dientes'),('K04','Enfermedades de la pulpa y de los tejidos periapicales'),('K05','Gingivitis y enfermedades periodontales'),('K06','Otros trastornos de la encía y de la zona edéntula'),('K07','Anomalías dentofaciales [incluso la maloclusión]'),('K08','Otros trastornos de los dientes y de sus estructuras de sostén'),('K09','Quistes de la región bucal, no clasificados en otra parte'),('K10','Otras enfermedades de los maxilares'),('K11','Enfermedades de las glándulas salivales'),('K12','Estomatitis y lesiones afines'),('K13','Otras enfermedades de los labios y de la mucosa bucal'),('K14','Enfermedades de la lengua'),('K20','Esofagitis'),('K21','Enfermedad del reflujo gastroesofágico'),('K22','Otras enfermedades del esófago'),('K25','Ulcera gástrica'),('K26','Ulcera duodenal'),('K27','Ulcera péptica, de sitio no especificado'),('K28','Ulcera gastroyeyunal'),('K29','Gastritis y duodenitis'),('K30','Dispepsia'),('K31','Otras enfermedades del estómago y del duodeno'),('K35','Apendicitis aguda'),('K36','Otros tipos de apendicitis'),('K37','Apendicitis, no especificada'),('K38','Otras enfermedades del apéndice'),('K40','Hernia inguinal'),('K41','Hernia femoral'),('K42','Hernia umbilical'),('K43','Hernia ventral'),('K44','Hernia diafragmática'),('K45','Otras hernias de la cavidad abdominal'),('K46','Hernia no especificada de la cavidad abdominal'),('K50','Enfermedad de Crohn [enteritis regional]'),('K51','Colitis ulcerativa'),('K52','Otras colitis y gastroenteritis no infecciosas'),('K55','Trastornos vasculares de los intestinos'),('K56','Ileo paralítico y obstrucción intestinal sin hernia'),('K57','Enfermedad diverticular del intestino'),('K58','Síndrome del colon irritable'),('K59','Otros trastornos funcionales del intestino'),('K60','Fisura y fístula de las regiones anal y rectal'),('K61','Absceso de las regiones anal y rectal'),('K62','Otras enfermedades del ano y del recto'),('K63','Otras enfermedades de los intestinos'),('K65','Peritonitis'),('K66','Otros trastornos del peritoneo'),('K70','Enfermedad alcohólica del hígado'),('K71','Enfermedad tóxica del hígado'),('K72','Insuficiencia hepática, no clasificada en otra parte'),('K73','Hepatitis crónica, no clasificada en otra parte'),('K74','Fibrosis y cirrosis del hígado'),('K75','Otras enfermedades inflamatorias del hígado'),('K76','Otras enfermedades del hígado'),('K80','Colelitiasis'),('K81','Colecistitis'),('K82','Otras enfermedades de la vesícula biliar'),('K83','Otras enfermedades de las vías biliares'),('K85','Pancreatitis aguda'),('K86','Otras enfermedades del páncreas'),('K90','Malabsorción intestinal'),('K91','Trastornos del sistema digestivo consecutivos a procedimientos, no clasificados en otra parte'),('K92','Otras enfermedades del sistema digestivo'),('L00','Síndrome estafilocócico de la piel escaldada'),('L01','Impétigo'),('L02','Absceso cutáneo, furúnculo y carbunco'),('L03','Celulitis'),('L04','Linfadenitis aguda'),('L05','Quiste pilonidal'),('L08','Otras infecciones locales de la piel y del tejido subcutáneo'),('L10','Pénfigo'),('L11','Otros trastornos acantolíticos'),('L12','Penfigoide'),('L13','Otros trastornos flictenulares'),('L20','Dermatitis atópica'),('L21','Dermatitis seborreica'),('L22','Dermatitis del pañal'),('L23','Dermatitis alérgica de contacto'),('L24','Dermatitis de contacto por irritantes'),('L25','Dermatitis de contacto, forma no especificada'),('L26','Dermatitis exfoliativa'),('L27','Dermatitis debida a sustancias ingeridas'),('L28','Liquen simple crónico y prurigo'),('L29','Prurito'),('L30','Otras dermatitis'),('L40','Psoriasis'),('L41','Parapsoriasis'),('L42','Pitiriasis rosada'),('L43','Liquen plano'),('L44','Otros trastornos papuloescamosos'),('L50','Urticaria'),('L51','Eritema multiforme'),('L52','Eritema nudoso'),('L53','Otras afecciones eritematosas'),('L55','Quemadura solar'),('L56','Otros cambios agudos de la piel debidos a radiación ultravioleta'),('L57','Cambios de la piel debidos a exposición crónica a radiación no ionizante'),('L58','Radiodermatitis'),('L59','Otros trastornos de la piel y del tejido subcutáneo relacionados con radiación'),('L60','Trastornos de las uñas'),('L63','Alopecia areata'),('L64','Alopecia andrógena'),('L65','Otra pérdida no cicatricial del pelo'),('L66','Alopecia cicatricial [pérdida cicatricial del pelo]'),('L67','Anormalidades del tallo y del color del pelo'),('L68','Hipertricosis'),('L70','Acné'),('L71','Rosácea'),('L72','Quiste folicular de la piel y del tejido subcutáneo'),('L73','Otros trastornos foliculares'),('L74','Trastornos sudoríparos ecrinos'),('L75','Trastornos sudoríparos apocrinos'),('L80','Vitíligo'),('L81','Otros trastornos de la pigmentación'),('L82','Queratosis seborreica'),('L83','Acantosis nigricans'),('L84','Callos y callosidades'),('L85','Otros tipos de engrosamiento epidérmico'),('L87','Trastornos de la eliminación transepidérmica'),('L88','Pioderma gangrenoso'),('L89','Ulcera de decúbito'),('L90','Trastornos atróficos de la piel'),('L91','Trastornos hipertróficos de la piel'),('L92','Trastornos granulomatosos de la piel y del tejido subcutáneo'),('L93','Lupus eritematoso'),('L94','Otros trastornos localizados del tejido conjuntivo'),('L95','Vasculitis limitada a la piel, no clasificada en otra parte'),('L97','Ulcera de miembro inferior, no clasificada en otra parte'),('L98','Otros trastornos de la piel y del tejido subcutáneo, no clasificados en otra parte'),('M00','Artritis piógena'),('M02','Artropatías reactivas'),('M05','Artritis reumatoide seropositiva'),('M06','Otras artritis reumatoides'),('M08','Artritis juvenil'),('M10','Gota'),('M11','Otras artropatías por cristales'),('M12','Otras artropatías específicas'),('M13','Otras artritis'),('M15','Poliartrosis'),('M16','Coxartrosis [artrosis de la cadera]'),('M17','Gonartrosis [artrosis de la rodilla]'),('M18','Artrosis de la primera articulación carpometacarpiana'),('M19','Otras artrosis'),('M20','Deformidades adquiridas de los dedos de la mano y del pie'),('M21','Otras deformidades adquiridas de los miembros'),('M22','Trastorno de la rótula'),('M23','Trastorno interno de la rodilla'),('M24','Otros trastornos articulares específicos'),('M25','Otros trastornos articulares, no clasificados en otra parte'),('M30','Poliarteritis nudosa y afecciones relacionadas'),('M31','Otras vasculopatías necrotizantes'),('M32','Lupus eritematoso sistémico'),('M33','Dermatopolimiositis'),('M34','Esclerosis sistémica'),('M35','Otro compromiso sistémico del tejido conjuntivo'),('M40','Cifosis y lordosis'),('M41','Escoliosis'),('M42','Osteocondrosis de la columna vertebral'),('M43','Otras dorsopatías deformantes'),('M45','Espondilitis anquilosante'),('M46','Otras espondilopatías inflamatorias'),('M47','Espondilosis'),('M48','Otras espondilopatías'),('M50','Trastornos de disco cervical'),('M51','Otros trastornos de los discos intervertebrales'),('M53','Otras dorsopatías, no clasificadas en otra parte'),('M54','Dorsalgia'),('M60','Miositis'),('M61','Calcificación y osificación del músculo'),('M62','Otros trastornos de los músculos'),('M65','Sinovitis y tenosinovitis'),('M66','Ruptura espontánea de la sinovia y del tendón'),('M67','Otros trastornos de la sinovia y del tendón'),('M70','Trastornos de los tejidos blandos relacionados con el uso, el uso excesivo y la presión'),('M71','Otras bursopatías'),('M72','Trastornos fibroblásticos'),('M75','Lesiones del hombro'),('M76','Entesopatías del miembro inferior, excluido el pie'),('M77','Otras entesopatías'),('M79','Otros trastornos de los tejidos blandos, no clasificados en otra parte'),('M80','Osteoporosis con fractura patológica'),('M81','Osteoporosis sin fractura patológica'),('M83','Osteomalacia del adulto'),('M84','Trastornos de la continuidad del hueso'),('M85','Otros trastornos de la densidad y de la estructura óseas'),('M86','Osteomielitis'),('M87','Osteonecrosis'),('M88','Enfermedad de Paget de los huesos [osteítis deformante]'),('M89','Otros trastornos del hueso'),('M91','Osteocondrosis juvenil de la cadera y de la pelvis'),('M92','Otras osteocondrosis juveniles'),('M93','Otras osteocondropatías'),('M94','Otros trastornos del cartílago'),('M95','Otras deformidades adquiridas del sistema osteomuscular y del tejido conjuntivo'),('M96','Trastornos osteomusculares consecutivos a procedimientos, no clasificados en otra parte'),('M99','Lesiones biomecánicas, no clasificadas en otra parte'),('N00','Síndrome nefrítico agudo'),('N01','Síndrome nefrítico rápidamente progresivo'),('N02','Hematuria recurrente y persistente'),('N03','Síndrome nefrítico crónico'),('N04','Síndrome nefrótico'),('N05','Síndrome nefrítico no especificado'),('N06','Proteinuria aislada con lesión morfológica especificada'),('N07','Nefropatía hereditaria, no clasificada en otra parte'),('N10','Nefritis tubulointersticial aguda'),('N11','Nefritis tubulointersticial crónica'),('N12','Nefritis tubulointersticial, no especificada como aguda o crónica'),('N13','Uropatía obstructiva y por reflujo'),('N14','Afecciones tubulares y tubulointersticiales inducidas por drogas y por metales pesados'),('N15','Otras enfermedades renales tubulointersticiales'),('N17','Insuficiencia renal aguda'),('N18','Insuficiencia renal crónica'),('N19','Insuficiencia renal no especificada'),('N20','Cálculo del riñón y del uréter'),('N21','Cálculo de las vías urinarias inferiores'),('N23','Cólico renal, no especificado'),('N25','Trastornos resultantes de la función tubular renal alterada'),('N26','Riñón contraído, no especificado'),('N27','Riñón pequeño de causa desconocida'),('N28','Otros trastornos del riñón y del uréter, no clasificados en otra parte'),('N30','Cistitis'),('N31','Disfunción neuromuscular de la vejiga, no clasificada en otra parte'),('N32','Otros trastornos de la vejiga'),('N34','Uretritis y síndrome uretral'),('N35','Estrechez uretral'),('N36','Otros trastornos de la uretra'),('N39','Otros trastornos del sistema urinario'),('N40','Hiperplasia de la próstata'),('N41','Enfermedades inflamatorias de la próstata'),('N42','Otros trastornos de la próstata'),('N43','Hidrocele y espermatocele'),('N44','Torsión del testículo'),('N45','Orquitis y epididimitis'),('N46','Esterilidad en el varón'),('N47','Prepucio redundante, fimosis y parafimosis'),('N48','Otros trastornos del pene'),('N49','Trastornos inflamatorios de órganos genitales masculinos, no clasificados en otra parte'),('N50','Otros trastornos de los órganos genitales masculinos'),('N60','Displasia mamaria benigna'),('N61','Trastornos inflamatorios de la mama'),('N62','Hipertrofia de la mama'),('N63','Masa no especificada en la mama'),('N64','Otros trastornos de la mama'),('N70','Salpingitis y ooforitis'),('N71','Enfermedad inflamatoria del útero, excepto del cuello uterino'),('N72','Enfermedad inflamatoria del cuello uterino'),('N73','Otras enfermedades pélvicas inflamatorias femeninas'),('N75','Enfermedades de la glándula de Bartholin'),('N76','Otras enfermedades inflamatorias de la vagina y de la vulva'),('N80','Endometriosis'),('N81','Prolapso genital femenino'),('N82','Fístulas que afectan el tracto genital femenino'),('N83','Trastornos no inflamatorios del ovario, de la trompa de Falopio y del ligamento ancho'),('N84','Pólipo del tracto genital femenino'),('N85','Otros trastornos no inflamatorios del útero, excepto del cuello'),('N86','Erosión y ectropión del cuello del útero'),('N87','Displasia del cuello uterino'),('N88','Otros trastornos no inflamatorios del cuello del útero'),('N89','Otros trastornos no inflamatorios de la vagina'),('N90','Otros trastornos no inflamatorios de la vulva y del perineo'),('N91','Menstruación ausente, escasa o rara'),('N92','Menstruación excesiva, frecuente e irregular'),('N93','Otras hemorragias uterinas o vaginales anormales'),('N94','Dolor y otras afecciones relacionadas con los órganos genitales femeninos y con el ciclo menstrual'),('N95','Otros trastornos menopáusicos y perimenopáusicos'),('N96','Abortadora habitual'),('N97','Infertilidad femenina'),('N98','Complicaciones asociadas con la fecundación artificial'),('O00','Embarazo ectópico'),('O01','Mola hidatiforme'),('O02','Otros productos anormales de la concepción'),('O03','Aborto espontáneo'),('O04','Aborto médico'),('O05','Otro aborto'),('O06','Aborto no especificado'),('O07','Intento fallido de aborto'),('O08','Complicaciones consecutivas al aborto, al embarazo ectópico y al embarazo molar'),('O10','Hipertensión preexistente que complica el embarazo, el parto y el puerperio'),('O11','Trastornos hipertensivos preexistentes, con proteinuria agregada'),('O12','Edema y proteinuria gestacionales [inducidos por el embarazo] sin hipertensión'),('O13','Hipertensión gestacional [inducida por el embarazo] sin proteinuria significativa'),('O14','Hipertensión gestacional [inducida por el embarazo] con proteinuria significativa'),('O15','Eclampsia'),('O16','Hipertensión materna, no especificada'),('O20','Hemorragia precoz del embarazo'),('O21','Vómitos excesivos en el embarazo'),('O22','Complicaciones venosas en el embarazo'),('O23','Infección de las vías genitourinarias en el embarazo'),('O24','Diabetes mellitus en el embarazo'),('O25','Desnutrición en el embarazo'),('O26','Atención a la madre por otras complicaciones principalmente relacionadas con el embarazo'),('O28','Hallazgos anormales en el examen prenatal de la madre'),('O29','Complicaciones de la anestesia administrada durante el embarazo'),('O30','Embarazo múltiple'),('O31','Complicaciones específicas del embarazo múltiple'),('O32','Atención materna por presentación anormal del feto, conocida o presunta'),('O33','Atención materna por desproporción conocida o presunta'),('O34','Atención materna por anormalidades conocidas o presuntas de los órganos pelvianos de la madre'),('O35','Atención materna por anormalidad o lesión fetal, conocida o presunta'),('O36','Atención materna por otros problemas fetales conocidos o presuntos'),('O40','Polihidramnios'),('O41','Otros trastornos del líquido amniótico y de las membranas'),('O42','Ruptura prematura de las membranas'),('O43','Trastornos placentarios'),('O44','Placenta previa'),('O45','Desprendimiento prematuro de la placenta [abruptio placentae]'),('O46','Hemorragia anteparto, no clasificada en otra parte'),('O47','Falso trabajo de parto'),('O48','Embarazo prolongado'),('O60','Parto prematuro'),('O61','Fracaso de la inducción del trabajo de parto'),('O62','Anormalidades de la dinámica del trabajo de parto'),('O63','Trabajo de parto prolongado'),('O64','Trabajo de parto obstruido debido a mala posición y presentación anormal del feto'),('O65','Trabajo de parto obstruido debido a anormalidad de la pelvis materna'),('O66','Otras obstrucciones del trabajo de parto'),('O67','Trabajo de parto y parto complicados por hemorragia intraparto, no clasificados en otra parte'),('O68','Trabajo de parto y parto complicados por sufrimiento fetal'),('O69','Trabajo de parto y parto complicados por problemas del cordón umbilical'),('O70','Desgarro perineal durante el parto'),('O71','Otro trauma obstétrico'),('O72','Hemorragia postparto'),('O73','Retención de la placenta o de las membranas, sin hemorragia'),('O74','Complicaciones de la anestesia administrada durante el trabajo de parto y el parto'),('O75','Otras complicaciones del trabajo de parto y del parto, no clasificadas en otra parte'),('O80','Parto único espontáneo'),('O81','Parto único con fórceps y ventosa extractora'),('O82','Parto único por cesárea'),('O83','Otros partos únicos asistidos'),('O84','Parto múltiple'),('O85','Sepsis puerperal'),('O86','Otras infecciones puerperales'),('O87','Complicaciones venosas en el puerperio'),('O88','Embolia obstétrica'),('O89','Complicaciones de la anestesia administrada durante el puerperio'),('O90','Complicaciones del puerperio, no clasificadas en otra parte'),('O91','Infecciones de la mama asociadas con el parto'),('O92','Otros trastornos de la mama y de la lactancia asociados con el parto'),('O95','Muerte obstétrica de causa no especificada'),('O96','Muerte materna debida a cualquier causa obstétrica que ocurre después de 42 días pero antes de un año del parto'),('O97','Muerte por secuelas de causas obstétricas directas'),('O98','Enfermedades maternas infecciosas y parasitarias clasificables en otra parte, pero que complican el embarazo, el parto y el puerperio'),('O99','Otras enfermedades maternas clasificables en otra parte, pero que complican el embarazo, el parto y el puerperio'),('P00','Feto y recién nacido afectados por condiciones de la madre no necesariamente relacionadas con el embarazo presente'),('P01','Feto y recién nacido afectados por complicaciones maternas del embarazo'),('P02','Feto y recién nacido afectados por complicaciones de la placenta, del cordón umbilical y de las membranas'),('P03','Feto y recién nacido afectados por otras complicaciones del trabajo de parto y del parto'),('P04','Feto y recién nacido afectados por influencias nocivas transmitidas a través de la placenta o de la leche materna'),('P05','Retardo del crecimiento fetal y desnutrición fetal'),('P07','Trastornos relacionados con duración corta de la gestación y con bajo peso al nacer, no clasificados en otra parte'),('P08','Trastornos relacionados con el embarazo prolongado y con sobrepeso al nacer'),('P10','Hemorragia y laceración intracraneal debidas a traumatismo del nacimiento'),('P11','Otros traumatismos del nacimiento en el sistema nervioso central'),('P12','Traumatismo del nacimiento en el cuero cabelludo'),('P13','Traumatismo del esqueleto durante el nacimiento'),('P14','Traumatismo del sistema nervioso periférico durante el nacimiento'),('P15','Otros traumatismos del nacimiento'),('P20','Hipoxia intrauterina'),('P21','Asfixia del nacimiento'),('P22','Dificultad respiratoria del recién nacido'),('P23','Neumonía congénita'),('P24','Síndromes de aspiración neonatal'),('P25','Enfisema intersticial y afecciones relacionadas, originadas en el período perinatal'),('P26','Hemorragia pulmonar originada en el período perinatal'),('P27','Enfermedad respiratoria crónica originada en el período perinatal'),('P28','Otros problemas respiratorios del recién nacido, originados en el período perinatal'),('P29','Trastornos cardiovasculares originados en el período perinatal'),('P35','Enfermedades virales congénitas'),('P36','Sepsis bacteriana del recién nacido'),('P37','Otras enfermedades infecciosas y parasitarias congénitas'),('P38','Onfalitis del recién nacido con o sin hemorragia leve'),('P39','Otras infecciones específicas del período perinatal'),('P50','Pérdida de sangre fetal'),('P51','Hemorragia umbilical del recién nacido'),('P52','Hemorragia intracraneal no traumática del feto y del recién nacido'),('P53','Enfermedad hemorrágica del feto y del recién nacido'),('P54','Otras hemorragias neonatales'),('P55','Enfermedad hemolítica del feto y del recién nacido'),('P56','Hidropesía fetal debida a enfermedad hemolítica'),('P57','Kernicterus'),('P58','Ictericia neonatal debida a otras hemólisis excesivas'),('P59','Ictericia neonatal por otras causas y por las no especificadas'),('P60','Coagulación intravascular diseminada en el feto y el recién nacido'),('P61','Otros trastornos hematológicos perinatales'),('P70','Trastornos transitorios del metabolismo de los carbohidratos específicos del feto y del recién nacido'),('P71','Trastornos neonatales transitorios del metabolismo del calcio y del magnesio'),('P72','Otros trastornos endocrinos neonatales transitorios'),('P74','Otras alteraciones metabólicas y electrolíticas neonatales transitorias'),('P76','Otras obstrucciones intestinales del recién nacido'),('P77','Enterocolitis necrotizante del feto y del recién nacido'),('P78','Otros trastornos perinatales del sistema digestivo'),('P80','Hipotermia del recién nacido'),('P81','Otras alteraciones de la regulación de la temperatura en el recién nacido'),('P83','Otras afecciones de la piel específicas del feto y del recién nacido'),('P90','Convulsiones del recién nacido'),('P91','Otras alteraciones cerebrales del recién nacido'),('P92','Problemas de la ingestión de alimentos del recién nacido'),('P93','Reacciones e intoxicaciones debidas a drogas administradas al feto y al recién nacido'),('P94','Trastornos del tono muscular en el recién nacido'),('P95','Muerte fetal de causa no especificada'),('P96','Otras afecciones originadas en el período perinatal'),('Q00','Anencefalia y malformaciones congénitas similares'),('Q01','Encefalocele'),('Q02','Microcefalia'),('Q03','Hidrocéfalo congénito'),('Q04','Otras malformaciones congénitas del encéfalo'),('Q05','Espina bífida'),('Q06','Otras malformaciones congénitas de la médula espinal'),('Q07','Otras malformaciones congénitas del sistema nervioso'),('Q10','Malformaciones congénitas de los párpados, del aparato lagrimal y de la órbita'),('Q11','Anoftalmía, microftalmía y macroftalmía'),('Q12','Malformaciones congénitas del cristalino'),('Q13','Malformaciones congénitas del segmento anterior del ojo'),('Q14','Malformaciones congénitas del segmento posterior del ojo'),('Q15','Otras malformaciones congénitas del ojo'),('Q16','Malformaciones congénitas del oído que causan alteración de la audición'),('Q17','Otras malformaciones congénitas del oído'),('Q18','Otras malformaciones congénitas de la cara y del cuello'),('Q20','Malformaciones congénitas de las cámaras cardíacas y sus conexiones'),('Q21','Malformaciones congénitas de los tabiques cardíacos'),('Q22','Malformaciones congénitas de las válvulas pulmonar y tricúspide'),('Q23','Malformaciones congénitas de las válvulas aórtica y mitral'),('Q24','Otras malformaciones congénitas del corazón'),('Q25','Malformaciones congénitas de las grandes arterias'),('Q26','Malformaciones congénitas de las grandes venas'),('Q27','Otras malformaciones congénitas del sistema vascular periférico'),('Q28','Otras malformaciones congénitas del sistema circulatorio'),('Q30','Malformaciones congénitas de la nariz'),('Q31','Malformaciones congénitas de la laringe'),('Q32','Malformaciones congénitas de la tráquea y de los bronquios'),('Q33','Malformaciones congénitas del pulmón'),('Q34','Otras malformaciones congénitas del sistema respiratorio'),('Q35','Fisura del paladar'),('Q36','Labio leporino'),('Q37','Fisura del paladar con labio leporino'),('Q38','Otras malformaciones congénitas de la lengua, de la boca y de la faringe'),('Q39','Malformaciones congénitas del esófago'),('Q40','Otras malformaciones congénitas de la parte superior del tubo digestivo'),('Q41','Ausencia, atresia y estenosis congénita del intestino delgado'),('Q42','Ausencia, atresia y estenosis congénita del intestino grueso'),('Q43','Otras malformaciones congénitas del intestino'),('Q44','Malformaciones congénitas de la vesícula biliar, de los conductos biliares y del hígado'),('Q45','Otras malformaciones congénitas del sistema digestivo'),('Q50','Malformaciones congénitas de los ovarios, de las trompas de Falopio y de los ligamentos anchos'),('Q51','Malformaciones congénitas del útero y del cuello uterino'),('Q52','Otras malformaciones congénitas de los órganos genitales femeninos'),('Q53','Testículo no descendido'),('Q54','Hipospadias'),('Q55','Otras malformaciones congénitas de los órganos genitales masculinos'),('Q56','Sexo indeterminado y seudohermafroditismo'),('Q60','Agenesia renal y otras malformaciones hipoplásicas del riñón'),('Q61','Enfermedad quística del riñón'),('Q62','Defectos obstructivos congénitos de la pelvis renal y malformaciones congénitas del uréter'),('Q63','Otras malformaciones congénitas del riñón'),('Q64','Otras malformaciones congénitas del sistema urinario'),('Q65','Deformidades congénitas de la cadera'),('Q66','Deformidades congénitas de los pies'),('Q67','Deformidades osteomusculares congénitas de la cabeza, de la cara, de la columna vertebral y del tórax'),('Q68','Otras deformidades osteomusculares congénitas'),('Q69','Polidactilia'),('Q70','Sindactilia'),('Q71','Defectos por reducción del miembro superior'),('Q72','Defectos por reducción del miembro inferior'),('Q73','Defectos por reducción de miembro no especificado'),('Q74','Otras anomalías congénitas del (de los) miembro(s)'),('Q75','Otras malformaciones congénitas de los huesos del cráneo y de la cara'),('Q76','Malformaciones congénitas de la columna vertebral y tórax óseo'),('Q77','Osteocondrodisplasia con defecto del crecimiento de los huesos largos y de la columna vertebral'),('Q78','Otras osteocondrodisplasias'),('Q79','Malformaciones congénitas del sistema osteomuscular, no clasificadas en otra parte'),('Q80','Ictiosis congénita'),('Q81','Epidermólisis bullosa'),('Q82','Otras malformaciones congénitas de la piel'),('Q83','Malformaciones congénitas de la mama'),('Q84','Otras malformaciones congénitas de las faneras'),('Q85','Facomatosis, no clasificada en otra parte'),('Q86','Síndromes de malformaciones congénitas debidos a causas exógenas conocidas, no clasificados en otra parte'),('Q87','Otros síndromes de malformaciones congénitas especificados que afectan múltiples sistemas'),('Q89','Otras malformaciones congénitas, no clasificadas en otra parte'),('Q90','Síndrome de Down'),('Q91','Síndrome de Edwards y síndrome de Patau'),('Q92','Otras trisomías y trisomías parciales de los autosomas, no clasificadas en otra parte'),('Q93','Monosomías y supresiones de los autosomas, no clasificadas en otra parte'),('Q95','Reordenamientos equilibrados y marcadores estructurales, no clasificados en otra parte'),('Q96','Síndrome de Turner'),('Q97','Otras anomalías de los cromosomas sexuales, con fenotipo femenino, no  clasificadas en otra parte'),('Q98','Otras anomalías de los cromosomas sexuales, con fenotipo masculino, no clasificadas en otra parte'),('Q99','Otras anomalías cromosómicas, no clasificadas en otra parte'),('R00','Anormalidades del latido cardíaco'),('R01','Soplos y otros sonidos cardíacos'),('R02','Gangrena, no clasificada en otra parte'),('R03','Lectura de presión sanguínea anormal, sin diagnóstico'),('R04','Hemorragias de las vías respiratorias'),('R05','Tos'),('R06','Anormalidades de la respiración'),('R07','Dolor de garganta y en el pecho'),('R09','Otros síntomas y signos que involucran los sistemas circulatorio y respiratorio'),('R10','Dolor abdominal y pélvico'),('R11','Náusea y vómito'),('R12','Acidez'),('R13','Disfagia'),('R14','Flatulencia y afecciones afines'),('R15','Incontinencia fecal'),('R16','Hepatomegalia y esplenomegalia, no clasificadas en otra parte'),('R17','Ictericia no especificada'),('R18','Ascitis'),('R19','Otros síntomas y signos que involucran el sistema digestivo y el abdomen'),('R20','Alteraciones de la sensibilidad cutánea'),('R21','Salpullido y otras erupciones cutáneas no especificadas'),('R22','Tumefacción, masa o prominencia de la piel y del tejido subcutáneo localizadas'),('R23','Otros cambios en la piel'),('R25','Movimientos involuntarios anormales'),('R26','Anormalidades de la marcha y de la movilidad'),('R27','Otras fallas de coordinación'),('R29','Otros síntomas y signos que involucran los sistemas nervioso y osteomuscular'),('R30','Dolor asociado con la micción'),('R31','Hematuria, no especificada'),('R32','Incontinencia urinaria, no especificada'),('R33','Retención de orina'),('R34','Anuria y oliguria'),('R35','Poliuria'),('R36','Descarga uretral'),('R39','Otros síntomas y signos que involucran el sistema urinario'),('R40','Somnolencia, estupor y coma'),('R41','Otros síntomas y signos que involucran la función cognoscitiva y la conciencia'),('R42','Mareo y desvanecimiento'),('R43','Trastornos del olfato y del gusto'),('R44','Otros síntomas y signos que involucran las sensaciones y percepciones generales'),('R45','Síntomas y signos que involucran el estado emocional'),('R46','Síntomas y signos que involucran la apariencia y el comportamiento'),('R47','Alteraciones del habla, no clasificadas en otra parte'),('R48','Dislexia y otras disfunciones simbólicas, no clasificadas en otra parte'),('R49','Alteraciones de la voz'),('R50','Fiebre de origen desconocido'),('R51','Cefalea'),('R52','Dolor, no clasificado en otra parte'),('R53','Malestar y fatiga'),('R54','Senilidad'),('R55','Síncope y colapso'),('R56','Convulsiones, no clasificadas en otra parte'),('R57','Choque, no clasificado en otra parte'),('R58','Hemorragia, no clasificada en otra parte'),('R59','Adenomegalia'),('R60','Edema, no clasificado en otra parte'),('R61','Hiperhidrosis'),('R62','Falta del desarrollo fisiológico normal esperado'),('R63','Síntomas y signos concernientes a la alimentación y a la ingestión de líquidos'),('R64','Caquexia'),('R68','Otros síntomas y signos generales'),('R69','Causas de morbilidad desconocidas y no especificadas'),('R70','Velocidad de eritrosedimentación elevada y otras anormalidades de la viscosidad del plasma'),('R71','Anormalidad de los eritrocitos'),('R72','Anormalidades de los leucocitos, no clasificadas en otra parte'),('R73','Nivel elevado de glucosa en sangre'),('R74','Nivel anormal de enzimas en suero'),('R75','Evidencias de laboratorio del virus de la inmunodeficiencia humana [VIH]'),('R76','Otros hallazgos inmunológicos anormales en suero'),('R77','Otras anormalidades de las proteínas plasmáticas'),('R78','Hallazgo de drogas y otras sustancias que normalmente no se encuentran en la sangre'),('R79','Otros hallazgos anormales en la química sanguínea'),('R80','Proteinuria aislada'),('R81','Glucosuria'),('R82','Otros hallazgos anormales en la orina'),('R83','Hallazgos anormales en el líquido cefalorraquídeo'),('R84','Hallazgos anormales en muestras tomadas de órganos respiratorios y torácicos'),('R85','Hallazgos anormales en muestras tomadas de órganos digestivos y de la cavidad abdominal'),('R86','Hallazgos anormales en muestras tomadas de órganos genitales masculinos'),('R87','Hallazgos anormales en muestras tomadas de órganos genitales femeninos'),('R89','Hallazgos anormales en muestras tomadas de otros órganos, sistemas y tejidos'),('R90','Hallazgos anormales en diagnóstico por imagen del sistema nervioso central'),('R91','Hallazgos anormales en diagnóstico por imagen del pulmón'),('R92','Hallazgos anormales en diagnóstico por imagen de la mama'),('R93','Hallazgos anormales en diagnóstico por imagen de otras estructuras del cuerpo'),('R94','Resultados anormales de estudios funcionales'),('R95','Síndrome de la muerte súbita infantil'),('R96','Otras muertes súbitas de causa desconocida'),('R98','Muerte sin asistencia'),('R99','Otras causas mal definidas y las no especificadas de mortalidad'),('S00','Traumatismo superficial de la cabeza'),('S01','Herida de la cabeza'),('S02','Fractura de huesos del cráneo y de la cara'),('S03','Luxación, esguince y torcedura de articulaciones y de ligamentos de la cabeza'),('S04','Traumatismo de nervios craneales'),('S05','Traumatismo del ojo y de la órbita'),('S06','Traumatismo intracraneal'),('S07','Traumatismo por aplastamiento de la cabeza'),('S08','Amputación traumática de parte de la cabeza'),('S09','Otros traumatismos y los no especificados de la cabeza'),('S10','Traumatismo superficial del cuello'),('S11','Herida del cuello'),('S12','Fractura del cuello'),('S13','Luxación, esguince y torcedura de articulaciones y ligamentos del cuello'),('S14','Traumatismo de la médula espinal y de nervios a nivel del cuello'),('S15','Traumatismo de vasos sanguíneos a nivel del cuello'),('S16','Traumatismo de tendón y músculos a nivel del cuello'),('S17','Traumatismo por aplastamiento del cuello'),('S18','Amputación traumática a nivel del cuello'),('S19','Otros traumatismos y los no especificados del cuello'),('S20','Traumatismo superficial del tórax'),('S21','Herida del tórax'),('S22','Fractura de las costillas, del esternón y de la columna torácica [dorsal]'),('S23','Luxación, esguince y torcedura de articulaciones y ligamentos del tórax'),('S24','Traumatismo de nervios y de la médula espinal a nivel del tórax'),('S25','Traumatismo de vasos sanguíneos del tórax'),('S26','Traumatismo del corazón'),('S27','Traumatismo de otros órganos intratorácicos y de los no especificados'),('S28','Traumatismo por aplastamiento del tórax y amputación traumática de parte del tórax'),('S29','Otros traumatismos y los no especificados del tórax'),('S30','Traumatismo superficial del abdomen, de la región lumbosacra y de la pelvis'),('S31','Herida del abdomen, de la región lumbosacra y de la pelvis'),('S32','Fractura de la columna lumbar y de la pelvis'),('S33','Luxación, esguince y torcedura de articulaciones y ligamentos de la columna lumbar y de la pelvis'),('S34','Traumatismo de los nervios y de la médula espinal lumbar, a nivel del abdomen, de la región lumbosacra y de la pelvis'),('S35','Traumatismo de vasos sanguíneos a nivel del abdomen, de la región lumbosacra y de la pelvis'),('S36','Traumatismo de órganos intraabdominales'),('S37','Traumatismo de órganos pélvicos'),('S38','Traumatismo por aplastamiento y amputación traumática de parte del abdomen, de la región lumbosacra y de la pelvis'),('S39','Otros traumatismos y los no especificados del abdomen, de la región lumbosacra y de la pelvis'),('S40','Traumatismo superficial del hombro y del brazo'),('S41','Herida del hombro y del brazo'),('S42','Fractura del hombro y del brazo'),('S43','Luxación, esguince y torcedura de articulaciones y ligamentos de la cintura escapular'),('S44','Traumatismo de nervios a nivel del hombro y del brazo'),('S45','Traumatismo de vasos sanguíneos a nivel del hombro y del brazo'),('S46','Traumatismo de tendón y músculo a nivel del hombro y del brazo'),('S47','Traumatismo por aplastamiento del hombro y del brazo'),('S48','Amputación traumática del hombro y del brazo'),('S49','Otros traumatismos y los no especificados del hombro y del brazo'),('S50','Traumatismo superficial del antebrazo y del codo'),('S51','Herida del antebrazo y del codo'),('S52','Fractura del antebrazo'),('S53','Luxación, esguince y torcedura de articulaciones y ligamentos del codo'),('S54','Traumatismo de nervios a nivel del antebrazo'),('S55','Traumatismo de los vasos sanguíneos a nivel del antebrazo'),('S56','Traumatismo de tendón y músculo a nivel del antebrazo'),('S57','Traumatismo por aplastamiento del antebrazo'),('S58','Amputación traumática del antebrazo'),('S59','Otros traumatismos y los no especificados del antebrazo'),('S60','Traumatismo superficial de la muñeca y de la mano'),('S61','Herida de la muñeca y de la mano'),('S62','Fractura a nivel de la muñeca y de la mano'),('S63','Luxación, esguince y torcedura de articulaciones y ligamentos a nivel de la muñeca y de la mano'),('S64','Traumatismo de nervios a nivel de la muñeca y de la mano'),('S65','Traumatismo de vasos sanguíneos a nivel de la muñeca y de la mano'),('S66','Traumatismo de tendón y músculo a nivel de la muñeca y de la mano'),('S67','Traumatismo por aplastamiento de la muñeca y de la mano'),('S68','Amputación traumática de la muñeca y de la mano'),('S69','Otros traumatismos y los no especificados de la muñeca y de la mano'),('S70','Traumatismo superficial de la cadera y del muslo'),('S71','Herida de la cadera y del muslo'),('S72','Fractura del fémur'),('S73','Luxación, esguince y torcedura de la articulación y de los ligamentos de la cadera'),('S74','Traumatismo de nervios a nivel de la cadera y del muslo'),('S75','Traumatismo de vasos sanguíneos a nivel de la cadera y del muslo'),('S76','Traumatismo de tendón y músculo a nivel de la cadera y del muslo'),('S77','Traumatismo por aplastamiento de la cadera y del muslo'),('S78','Amputación traumática de la cadera y del muslo'),('S79','Otros traumatismos y los no especificados de la cadera y del muslo'),('S80','Traumatismo superficial de la pierna'),('S81','Herida de la pierna'),('S82','Fractura de la pierna, inclusive el tobillo'),('S83','Luxación, esguince y torcedura de articulaciones y ligamentos de la rodilla'),('S84','Traumatismo de nervios a nivel de la pierna'),('S85','Traumatismo de vasos sanguíneos a nivel de la pierna'),('S86','Traumatismo de tendón y músculo a nivel de la pierna'),('S87','Traumatismo por aplastamiento de la pierna'),('S88','Amputación traumática de la pierna'),('S89','Otros traumatismos y los no especificados de la pierna'),('S90','Traumatismo superficial del tobillo y del pie'),('S91','Herida del tobillo y del pie'),('S92','Fractura del pie, excepto del tobillo'),('S93','Luxación, esguince y torcedura de articulaciones y ligamentos del tobillo y del pie'),('S94','Traumatismo de nervios a nivel del pie y del tobillo'),('S95','Traumatismo de vasos sanguíneos a nivel del pie y del tobillo'),('S96','Traumatismo de tendón y músculo a nivel del pie y del tobillo'),('S97','Traumatismo por aplastamiento del pie y del tobillo'),('S98','Amputación traumática del pie y del tobillo'),('S99','Otros traumatismos y los no especificados del pie y del tobillo'),('T00','Traumatismos superficiales que afectan múltiples regiones del cuerpo'),('T01','Heridas que afectan múltiples regiones del cuerpo'),('T02','Fracturas que afectan múltiples regiones del cuerpo'),('T03','Luxaciones, torcedura y esguinces que afectan múltiples regiones del cuerpo'),('T04','Traumatismos por aplastamiento que afectan múltiples regiones del cuerpo'),('T05','Amputaciones traumáticas que afectan múltiples regiones del cuerpo'),('T06','Otros traumatismos que afectan múltiples regiones del cuerpo, no clasificados en otra parte'),('T07','Traumatismos múltiples, no especificados'),('T08','Fractura de la columna vertebral, nivel no especificado'),('T09','Otros traumatismos de la columna vertebral y del tronco, nivel no especificado'),('T10','Fractura de miembro superior, nivel no especificado'),('T11','Otros traumatismos de miembro superior, nivel no especificado'),('T12','Fractura de miembro inferior, nivel no especificado'),('T13','Otros traumatismos de miembro inferior, nivel no especificado'),('T14','Traumatismo de regiones no especificadas del cuerpo'),('T15','Cuerpo extraño en parte externa del ojo'),('T16','Cuerpo extraño en el oído'),('T17','Cuerpo extraño en las vías respiratorias'),('T18','Cuerpo extraño en el tubo digestivo'),('T19','Cuerpo extraño en las vías genitourinarias'),('T20','Quemadura y corrosión de la cabeza y del cuello'),('T21','Quemadura y corrosión del tronco'),('T22','Quemadura y corrosión del hombro y miembro superior, excepto de la muñeca y de la mano'),('T23','Quemadura y corrosión de la muñeca y de la mano'),('T24','Quemadura y corrosión de la cadera y miembro inferior, excepto tobillo y pie'),('T25','Quemadura y corrosión del tobillo y del pie'),('T26','Quemadura y corrosión limitada al ojo y sus anexos'),('T27','Quemadura y corrosión de las vías respiratorias'),('T28','Quemadura y corrosión de otros órganos internos'),('T29','Quemaduras y corrosiones de múltiples regiones del cuerpo'),('T30','Quemadura y corrosión, región del cuerpo no especificada'),('T31','Quemaduras clasificadas según la extensión de la superficie del cuerpo afectada'),('T32','Corrosiones clasificadas según la extensión de la superficie del cuerpo afectada'),('T33','Congelamiento superficial'),('T34','Congelamiento con necrosis tisular'),('T35','Congelamiento que afecta múltiples regiones del cuerpo y congelamiento no especificado'),('T36','Envenenamiento por antibióticos sistémicos'),('T37','Envenenamiento por otros antiinfecciosos y antiparasitarios sistémicos'),('T38','Envenenamiento por hormonas y sus sustitutos y antagonistas sintéticos, no clasificados en otra parte'),('T39','Envenenamiento por analgésicos no narcóticos, antipiréticos y antirreumáticos'),('T40','Envenenamiento por narcóticos y psicodislépticos [alucinógenos]'),('T41','Envenenamiento por anestésicos y gases terapéuticos'),('T42','Envenenamiento por antiepilépticos, hipnóticos-sedantes y drogas  antiparkinsonianas'),('T43','Envenenamiento por psicotrópicos, no clasificados en otra parte'),('T44','Envenenamiento por drogas que afectan principalmente el sistema nervioso autónomo'),('T45','Envenenamiento por agentes principalmente sistémicos y hematológicos, no clasificados en otra parte'),('T46','Envenenamiento por agentes que afectan principalmente el sistema cardiovascular'),('T47','Envenenamiento por agentes que afectan principalmente el sistema gastrointestinal'),('T48','Envenenamiento por agentes con acción principal sobre los músculos lisos y esqueléticos y sobre el sistema respiratorio'),('T49','Envenenamiento por agentes tópicos que afectan principalmente la piel y las membranas mucosas y por drogas oftalmológicas, otorrinolaringológicas y dentales'),('T50','Envenenamiento por diuréticos y otras drogas, medicamentos y sustancias biológicas no especificadas'),('T51','Efecto tóxico del alcohol'),('T52','Efecto tóxico de disolventes orgánicos'),('T53','Efecto tóxico de los derivados halogenados de los hidrocarburos alifáticos y aromáticos'),('T54','Efecto tóxico de sustancias corrosivas'),('T55','Efecto tóxico de detergentes y jabones'),('T56','Efecto tóxico de metales'),('T57','Efecto tóxico de otras sustancias inorgánicas'),('T58','Efecto tóxico del monóxido de carbono'),('T59','Efecto tóxico de otros gases, humos y vapores'),('T60','Efecto tóxico de plaguicidas [pesticidas]'),('T61','Efecto tóxico de sustancias nocivas ingeridas como alimentos marinos'),('T62','Efecto tóxico de otras sustancias nocivas ingeridas como alimento'),('T63','Efecto tóxico del contacto con animales venenosos'),('T64','Efecto tóxico de aflatoxina y otras micotoxinas contaminantes de alimentos'),('T65','Efecto tóxico de otras sustancias y las no especificadas'),('T66','Efectos no especificados de la radiación'),('T67','Efectos del calor y de la luz'),('T68','Hipotermia'),('T69','Otros efectos de la reducción de la temperatura'),('T70','Efectos de la presión del aire y de la presión del agua'),('T71','Asfixia'),('T73','Efectos de otras privaciones'),('T74','Síndromes del maltrato'),('T75','Efectos de otras causas externas'),('T78','Efectos adversos, no clasificados en otra parte'),('T79','Algunas complicaciones precoces de traumatismos, no clasificadas en otra parte'),('T80','Complicaciones consecutivas a infusión, transfusión e inyección terapéutica'),('T81','Complicaciones de procedimientos, no clasificadas en otra parte'),('T82','Complicaciones de dispositivos protésicos, implantes e injertos cardiovasculares'),('T83','Complicaciones de dispositivos, implantes e injertos genitourinarios'),('T84','Complicaciones de dispositivos protésicos, implantes e injertos ortopédicos internos'),('T85','Complicaciones de otros dispositivos protésicos, implantes e injertos internos'),('T86','Falla y rechazo del trasplante de órganos y tejidos'),('T87','Complicaciones peculiares de la reinserción y amputación'),('T88','Otras complicaciones de la atención médica y quirúrgica, no clasificadas en otra parte'),('T90','Secuelas de traumatismos de la cabeza'),('T91','Secuelas de traumatismos del cuello y del tronco'),('T92','Secuelas de traumatismos de miembro superior'),('T93','Secuelas de traumatismos de miembro inferior'),('T94','Secuelas de traumatismos que afectan múltiples regiones del cuerpo y las no especificadas'),('T95','Secuelas de quemaduras, corrosiones y congelamientos'),('T96','Secuelas de envenenamientos por drogas, medicamentos y sustancias biológicas'),('T97','Secuelas de efectos tóxicos de sustancias de procedencia principalmente no medicinal'),('T98','Secuelas de otros efectos y los no especificados de causas externas'),('V01','Peatón lesionado por colisión con vehículo de pedal'),('V02','Peatón lesionado por colisión con vehículo de motor de dos o tres ruedas'),('V03','Peatón lesionado por colisión con automóvil, camioneta o furgoneta'),('V04','Peatón lesionado por colisión con vehículo de transporte pesado o autobús'),('V05','Peatón lesionado por colisión con tren o vehículo de rieles'),('V06','Peatón lesionado por colisión con otros vehículos sin motor'),('V09','Peatón lesionado en otros accidentes de transporte, y en los no especificados'),('V10','Ciclista lesionado por colisión con peatón o animal'),('V11','Ciclista lesionado por colisión con otro ciclista'),('V12','Ciclista lesionado por colisión con vehículo de motor de dos o tres ruedas'),('V13','Ciclista lesionado por colisión con automóvil, camioneta o furgoneta'),('V14','Ciclista lesionado por colisión con vehículo de transporte pesado o autobús'),('V15','Ciclista lesionado por colisión con tren o vehículo de rieles'),('V16','Ciclista lesionado por colisión con otros vehículos sin motor'),('V17','Ciclista lesionado por colisión con objeto estacionado o fijo'),('V18','Ciclista lesionado en accidente de transporte sin colisión'),('V19','Ciclista lesionado en otros accidentes de transporte, y en los no especificados'),('V20','Motociclista lesionado por colisión con peatón o animal'),('V21','Motociclista lesionado por colisión con vehículo de pedal'),('V22','Motociclista lesionado por colisión con vehículo de motor de dos o tres ruedas'),('V23','Motociclista lesionado por colisión con automóvil, camioneta o furgoneta'),('V24','Motociclista lesionado por colisión con vehículo de transporte pesado o autobús'),('V25','Motociclista lesionado por colisión con tren o vehículo de rieles'),('V26','Motociclista lesionado por colisión con otros vehículos sin motor'),('V27','Motociclista lesionado por colisión con objeto fijo o estacionado'),('V28','Motociclista lesionado en accidente de transporte sin colisión'),('V29','Motociclista lesionado en otros accidentes de transporte, y en los no especificados'),('V30','Ocupante de vehículo de motor de tres ruedas lesionado por colisión con peatón o animal'),('V31','Ocupante de vehículo de motor de tres ruedas lesionado por colisión con vehículo de pedal'),('V32','Ocupante de vehículo de motor de tres ruedas lesionado por colisión con otro vehículo de motor de dos o tres ruedas'),('V33','Ocupante de vehículo de motor de tres ruedas lesionado por colisión con automóvil, camioneta o furgoneta'),('V34','Ocupante de vehículo de motor de tres ruedas lesionado por colisión con vehículo de transporte pesado o autobús'),('V35','Ocupante de vehículo de motor de tres ruedas lesionado por colisión con tren o vehículo de rieles'),('V36','Ocupante de vehículo de motor de tres ruedas lesionado por colisión con otros vehículos sin motor'),('V37','Ocupante de vehículo de motor de tres ruedas lesionado por colisión con objeto fijo o estacionado'),('V38','Ocupante de vehículo de motor de tres ruedas lesionado en accidente de transporte sin colisión'),('V39','Ocupante de vehículo de motor de tres ruedas lesionado en otros accidentes de transporte, y en los no especificados'),('V40','Ocupante de automóvil lesionado por colisión con peatón o animal'),('V41','Ocupante de automóvil lesionado por colisión con vehículo de pedal'),('V42','Ocupante de automóvil lesionado por colisión con vehículo de motor de dos o tres ruedas'),('V43','Ocupante de automóvil lesionado por colisión con otro automóvil, camioneta o furgoneta'),('V44','Ocupante de automóvil lesionado por colisión con vehículo de transporte pesado o autobús'),('V45','Ocupante de automóvil lesionado por colisión con tren o vehículo de rieles'),('V46','Ocupante de automóvil lesionado por colisión con otros vehículos sin motor'),('V47','Ocupante de automóvil lesionado por colisión con objeto fijo o estacionado'),('V48','Ocupante de automóvil lesionado en accidente de transporte sin colisión'),('V49','Ocupante de automóvil lesionado en otros accidentes de transporte, y en los no especificados'),('V50','Ocupante de camioneta o furgoneta lesionado por colisión con peatón o animal'),('V51','Ocupante de camioneta o furgoneta lesionado por colisión con vehículo de pedal'),('V52','Ocupante de camioneta o furgoneta lesionado por colisión con vehículo de motor de dos o tres ruedas'),('V53','Ocupante de camioneta o furgoneta lesionado por colisión con automóvil, camioneta o furgoneta'),('V54','Ocupante de camioneta o furgoneta lesionado por colisión con vehículo de transporte pesado o autobús'),('V55','Ocupante de camioneta o furgoneta lesionado por colisión con tren o vehículo de rieles'),('V56','Ocupante de camioneta o furgoneta lesionado por colisión con otros vehículos sin motor'),('V57','Ocupante de camioneta o furgoneta lesionado por colisión con objeto fijo o estacionado'),('V58','Ocupante de camioneta o furgoneta lesionado en accidente de transporte sin colisión'),('V59','Ocupante de camioneta o furgoneta lesionado en otros accidentes de transporte, y en los no especificados'),('V60','Ocupante de vehículo de transporte pesado lesionado por colisión con peatón o animal'),('V61','Ocupante de vehículo de transporte pesado lesionado por colisión con vehículo de pedal'),('V62','Ocupante de vehículo de transporte pesado lesionado por colisión con vehículo de motor de dos o tres ruedas'),('V63','Ocupante de vehículo de transporte pesado lesionado por colisión con automóvil, camioneta o furgoneta'),('V64','Ocupante de vehículo de transporte pesado lesionado por colisión con otro vehículo de transporte pesado o autobús'),('V65','Ocupante de vehículo de transporte pesado lesionado por colisión con tren o vehículo de rieles'),('V66','Ocupante de vehículo de transporte pesado lesionado por colisión con otros vehículos sin motor'),('V67','Ocupante de vehículo de transporte pesado lesionado por colisión con objeto fijo o estacionado'),('V68','Ocupante de vehículo de transporte pesado lesionado en accidente de transporte sin colisión'),('V69','Ocupante de vehículo de transporte pesado lesionado en otros accidentes de transporte, y en los no especificados'),('V70','Ocupante de autobús lesionado por colisión con peatón o animal'),('V71','Ocupante de autobús lesionado por colisión con vehículo de pedal'),('V72','Ocupante de autobús lesionado por colisión con vehículo de motor de dos o tres ruedas'),('V73','Ocupante de autobús lesionado por colisión con automóvil, camioneta o furgoneta'),('V74','Ocupante de autobús lesionado por colisión con vehículo de transporte pesado o autobús'),('V75','Ocupante de autobús lesionado por colisión con tren o vehículo de rieles'),('V76','Ocupante de autobús lesionado por colisión con otros vehículos sin motor'),('V77','Ocupante de autobús lesionado por colisión con objeto fijo o estacionado'),('V78','Ocupante de autobús lesionado en accidente de transporte sin colisión'),('V79','Ocupante de autobús lesionado en otros accidentes de transporte, y en los no especificados'),('V80','Jinete u ocupante de vehículo de tracción animal lesionado en accidente de transporte'),('V81','Ocupante de tren o vehículo de rieles lesionado en accidente de transporte'),('V82','Ocupante de tranvía lesionado en accidente de transporte'),('V83','Ocupante de vehículo especial (de motor) para uso principalmente en plantas industriales lesionado en accidente de transporte'),('V84','Ocupante de vehículo especial (de motor) para uso principalmente en agricultura lesionado en accidente de transporte'),('V85','Ocupante de vehículo especial (de motor) para construcción lesionado en accidente de transporte'),('V86','Ocupante de vehículo especial para todo terreno o de otro vehículo de motor para uso fuera de la carretera lesionado en accidente de transporte'),('V87','Accidente de tránsito de tipo especificado, pero donde se desconoce el modo de transporte de la víctima'),('V88','Accidente no de tránsito de tipo especificado, pero donde se desconoce el modo de transporte de la víctima'),('V89','Accidente de vehículo de motor o sin motor, tipo de vehículo no especificado'),('V90','Accidente de embarcación que causa ahogamiento y sumersión'),('V91','Accidente de embarcación que causa otros tipos de traumatismo'),('V92','Ahogamiento y sumersión relacionados con transporte por agua, sin accidente a la embarcación'),('V93','Accidente en una embarcación, sin accidente a la embarcación, que no causa ahogamiento o sumersión'),('V94','Otros accidentes de transporte por agua, y los no especificados'),('V95','Accidente de aeronave de motor, con ocupante lesionado'),('V96','Accidente de aeronave sin motor, con ocupante lesionado'),('V97','Otros accidentes de transporte aéreo especificados'),('V98','Otros accidentes de transporte especificados'),('V99','Accidente de transporte no especificado'),('W00','Caída en el mismo nivel por hielo o nieve'),('W01','Caída en el mismo nivel por deslizamiento, tropezón y traspié'),('W02','Caída por patines para hielo, esquís, patines de ruedas o patineta'),('W03','Otras caídas en el mismo nivel por colisión con o por empujón de otra persona'),('W04','Caída al ser trasladado o sostenido por otras personas'),('W05','Caída que implica silla de ruedas'),('W06','Caída que implica cama'),('W07','Caída que implica silla'),('W08','Caída que implica otro mueble'),('W09','Caída que implica equipos para juegos infantiles'),('W10','Caída en o desde escalera y escalones'),('W11','Caída en o desde escaleras manuales'),('W12','Caída en o desde andamio'),('W13','Caída desde, fuera o a través de un edificio u otra construcción'),('W14','Caída desde un árbol'),('W15','Caída desde peñasco'),('W16','Salto o zambullida dentro del agua que causa otro traumatismo sin sumersión o ahogamiento'),('W17','Otras caídas de un nivel a otro'),('W18','Otras caídas en el mismo nivel'),('W19','Caída no especificada'),('W20','Golpe por objeto arrojado, proyectado o que cae'),('W21','Golpe contra o golpeado por equipo para deportes'),('W22','Golpe contra o golpeado por otros objetos'),('W23','Atrapado, aplastado, trabado o apretado en o entre objetos'),('W24','Contacto traumático con dispositivos de elevación y transmisión, no clasificados en otra parte'),('W25','Contacto traumático con vidrio cortante'),('W26','Contacto traumático con cuchillo, espada, daga o puñal'),('W27','Contacto traumático con herramientas manuales sin motor'),('W28','Contacto traumático con cortadora de césped, con motor'),('W29','Contacto traumático con otras herramientas manuales y artefactos del hogar, con motor'),('W30','Contacto traumático con maquinaria agrícola'),('W31','Contacto traumático con otras maquinarias, y las no especificadas'),('W32','Disparo de arma corta'),('W33','Disparo de rifle, escopeta y arma larga'),('W34','Disparo de otras armas de fuego, y las no especificadas'),('W35','Explosión y rotura de caldera'),('W36','Explosión y rotura de cilindro con gas'),('W37','Explosión y rotura de neumático, tubo o manguera de goma presurizada'),('W38','Explosión y rotura de otros dispositivos presurizados especificados'),('W39','Explosión de fuegos artificiales'),('W40','Explosión de otros materiales'),('W41','Exposición a chorro de alta presión'),('W42','Exposición al ruido'),('W43','Exposición a vibraciones'),('W44','Cuerpo extraño que penetra por el ojo u orificio natural'),('W45','Cuerpo extraño que penetra a través de la piel'),('W49','Exposición a otras fuerzas mecánicas inanimadas, y las no especificadas'),('W50','Aporreo, golpe, mordedura, patada, rasguño o torcedura infligidos por otra persona'),('W51','Choque o empellón contra otra persona'),('W52','Persona aplastada, empujada o pisoteada por una multitud o estampida humana'),('W53','Mordedura de rata'),('W54','Mordedura o ataque de perro'),('W55','Mordedura o ataque de otros mamíferos'),('W56','Contacto traumático con animales marinos'),('W57','Mordedura o picadura de insectos y otros artrópodos no venenosos'),('W58','Mordedura o ataque de cocodrilo o caimán'),('W59','Mordedura o aplastamiento por otros reptiles'),('W60','Contacto traumático con aguijones, espinas u hojas cortantes de plantas'),('W64','Exposición a otras fuerzas mecánicas animadas, y las no especificadas'),('W65','Ahogamiento y sumersión mientras se está en la bañera'),('W66','Ahogamiento y sumersión consecutivos a caída en la bañera'),('W67','Ahogamiento y sumersión mientras se está en una piscina'),('W68','Ahogamiento y sumersión consecutivos a caída en una piscina'),('W69','Ahogamiento y sumersión mientras se está en aguas naturales'),('W70','Ahogamiento y sumersión posterior a caída en aguas naturales'),('W73','Otros ahogamientos y sumersiones especificados'),('W74','Ahogamiento y sumersión no especificados'),('W75','Sofocación y estrangulamiento accidental en la cama'),('W76','Otros estrangulamientos y ahorcamientos accidentales'),('W77','Obstrucción de la respiración debida a hundimiento, caída de tierra u otras sustancias'),('W78','Inhalación de contenidos gástricos'),('W79','Inhalación e ingestión de alimento que causa obstrucción de las vías respiratorias'),('W80','Inhalación e ingestión de otros objetos que causan obstrucción de las vías respiratorias'),('W81','Confinado o atrapado en un ambiente con bajo contenido de oxígeno'),('W83','Otras obstrucciones especificadas de la respiración'),('W84','Obstrucción no especificada de la respiración'),('W85','Exposición a líneas de transmisión eléctrica'),('W86','Exposición a otras corrientes eléctricas especificadas'),('W87','Exposición a corriente eléctrica no especificada'),('W88','Exposición a radiación ionizante'),('W89','Exposición a fuente de luz visible y ultravioleta, de origen artificial'),('W90','Exposición a otros tipos de radiación no ionizante'),('W91','Exposición a radiación de tipo no especificado'),('W92','Exposición a calor excesivo de origen artificial'),('W93','Exposición a frío excesivo de origen artificial'),('W94','Exposición a presión de aire alta y baja y a cambios en la presión del aire'),('W99','Exposición a otros factores ambientales y a los no especificados, de origen artificial'),('X00','Exposición a fuego no controlado en edificio u otra construcción'),('X01','Exposición a fuego no controlado en lugar que no es edificio u otra construcción'),('X02','Exposición a fuego controlado en edificio u otra construcción'),('X03','Exposición a fuego controlado en lugar que no es edificio u otra construcción'),('X04','Exposición a ignición de material altamente inflamable'),('X05','Exposición a ignición o fusión de ropas de dormir'),('X06','Exposición a ignición o fusión de otras ropas y accesorios'),('X08','Exposición a otros humos, fuegos o llamas especificados'),('X09','Exposición a humos, fuegos o llamas no especificados'),('X10','Contacto con bebidas, alimentos, grasas y aceites para cocinar, calientes'),('X11','Contacto con agua caliente corriente'),('X12','Contacto con otros líquidos calientes'),('X13','Contacto con vapor de agua y otros vapores calientes'),('X14','Contacto con aire y gases calientes'),('X15','Contacto con utensilios domésticos calientes'),('X16','Contacto con radiadores, cañerías y artefactos para calefacción, calientes'),('X17','Contacto con máquinas, motores y herramientas calientes'),('X18','Contacto con otros metales calientes'),('X19','Contacto con otras sustancias calientes, y las no especificadas'),('X20','Contacto traumático con serpientes y lagartos venenosos'),('X21','Contacto traumático con arañas venenosas'),('X22','Contacto traumático con escorpión'),('X23','Contacto traumático con avispones, avispas y abejas'),('X24','Contacto traumático con centípodos y miriápodos venenosos (tropicales)'),('X25','Contacto traumático con otros artrópodos venenosos especificados'),('X26','Contacto traumático con animales y plantas marinas venenosos'),('X27','Contacto traumático con otros animales venenosos especificados'),('X28','Contacto traumático con otras plantas venenosas especificadas'),('X29','Contacto traumático con animales y plantas venenosos no especificados'),('X30','Exposición al calor natural excesivo'),('X31','Exposición al frío natural excesivo'),('X32','Exposición a rayos solares'),('X33','Víctima de rayo'),('X34','Víctima de terremoto'),('X35','Víctima de erupción volcánica'),('X36','Víctima de avalancha, derrumbe y otros movimientos de tierra'),('X37','Víctima de tormenta cataclísmica'),('X38','Víctima de inundación'),('X39','Exposición a otras fuerzas de la naturaleza, y las no especificadas'),('X40','Envenenamiento accidental por, y exposición a analgésicos no narcóticos, antipiréticos y antirreumáticos'),('X41','Envenenamiento accidental por, y exposición a drogas antiepilépticas, sedantes, hipnóticas, antiparkinsonianas y psicotrópicas, no clasificadas en otra parte'),('X42','Envenenamiento accidental por, y exposición a narcóticos y psicodislépticos [alucinógenos], no clasificados en otra parte'),('X43','Envenenamiento accidental por, y exposición a otras drogas que actúan sobre el sistema nervioso autónomo'),('X44','Envenenamiento accidental por, y exposición a otras drogas, medicamentos y sustancias biológicas, y los no especificados'),('X45','Envenenamiento accidental por, y exposición al alcohol'),('X46','Envenenamiento accidental por, y exposición a disolventes orgánicos e hidrocarburos halogenados y sus vapores'),('X47','Envenenamiento accidental por, y exposición a otros gases y vapores'),('X48','Envenenamiento accidental por, y exposición a plaguicidas'),('X49','Envenenamiento accidental por, y exposición a otros productos químicos y sustancias nocivas, y los no especificados'),('X50','Exceso de esfuerzo y movimientos extenuantes y repetitivos'),('X51','Viajes y desplazamientos'),('X52','Permanencia prolongada en ambiente sin gravedad'),('X53','Privación de alimentos'),('X54','Privación de agua'),('X57','Privación no especificada'),('X58','Exposición a otros factores especificados'),('X59','Exposición a factores no especificados'),('X60','Envenenamiento autoinfligido intencionalmente por, y exposición a analgésicos no narcóticos, antipiréticos y antirreumáticos'),('X61','Envenenamiento autoinfligido intencionalmente por, y exposición a drogas antiepilépticas, sedantes, hipnóticas, antiparkinsonianas y psicotrópicas, no clasificadas en otra parte'),('X62','Envenenamiento autoinfligido intencionalmente por, y exposición a narcóticos y psicodislépticos [alucinógenos], no clasificados en otra parte'),('X63','Envenenamiento autoinfligido intencionalmente por, y exposición a otras drogas que actúan sobre el sistema nervioso autónomo'),('X64','Envenenamiento autoinfligido intencionalmente por, y exposición a otras drogas, medicamentos y sustancias biológicas, y los no especificados'),('X65','Envenenamiento autoinfligido intencionalmente por, y exposición al alcohol'),('X66','Envenenamiento autoinfligido intencionalmente por, y exposición a disolventes orgánicos e hidrocarburos halogenados y sus vapores'),('X67','Envenenamiento autoinfligido intencionalmente por, y exposición a otros gases y vapores'),('X68','Envenenamiento autoinfligido intencionalmente por, y exposición a plaguicidas'),('X69','Envenenamiento autoinfligido intencionalmente por, y exposición a otros productos químicos y sustancias nocivas, y los no especificados'),('X70','Lesión autoinfligida intencionalmente por ahorcamiento, estrangulamiento o sofocación'),('X71','Lesión autoinfligida intencionalmente por ahogamiento y sumersión'),('X72','Lesión autoinfligida intencionalmente por disparo de arma corta'),('X73','Lesión autoinfligida intencionalmente por disparo de rifle, escopeta y arma larga'),('X74','Lesión autoinfligida intencionalmente por disparo de otras armas de fuego, y las no especificadas'),('X75','Lesión autoinfligida intencionalmente por material explosivo'),('X76','Lesión autoinfligida intencionalmente por humo, fuego y llamas'),('X77','Lesión autoinfligida intencionalmente por vapor de agua, vapores y objetos calientes'),('X78','Lesión autoinfligida intencionalmente por objeto cortante'),('X79','Lesión autoinfligida intencionalmente por objeto romo o sin filo'),('X80','Lesión autoinfligida intencionalmente al saltar desde un lugar elevado'),('X81','Lesión autoinfligida intencionalmente por arrojarse o colocarse delante de objeto en movimiento'),('X82','Lesión autoinfligida intencionalmente por colisión de vehículo de motor'),('X83','Lesión autoinfligida intencionalmente por otros medios especificados'),('X84','Lesión autoinfligida intencionalmente por medios no especificados'),('X85','Agresión con drogas, medicamentos y sustancias biológicas'),('X86','Agresión con sustancia corrosiva'),('X87','Agresión con plaguicidas'),('X88','Agresión con gases y vapores'),('X89','Agresión con otros productos químicos y sustancias nocivas especificadas'),('X90','Agresión con productos químicos y sustancias nocivas no especificadas'),('X91','Agresión por ahorcamiento, estrangulamiento y sofocación'),('X92','Agresión por ahogamiento y sumersión'),('X93','Agresión con disparo de arma corta'),('X94','Agresión con disparo de rifle, escopeta y arma larga'),('X95','Agresión con disparo de otras armas de fuego, y las no especificadas'),('X96','Agresión con material explosivo'),('X97','Agresión con humo, fuego y llamas'),('X98','Agresión con vapor de agua, vapores y objetos calientes'),('X99','Agresión con objeto cortante'),('Y00','Agresión con objeto romo o sin filo'),('Y01','Agresión por empujón desde un lugar elevado'),('Y02','Agresión por empujar o colocar a la víctima delante de objeto en movimiento'),('Y03','Agresión por colisión de vehículo de motor'),('Y04','Agresión con fuerza corporal'),('Y05','Agresión sexual con fuerza corporal'),('Y06','Negligencia y abandono'),('Y07','Otros síndromes de maltrato'),('Y08','Agresión por otros medios especificados'),('Y09','Agresión por medios no especificados'),('Y10','Envenenamiento por, y exposición a analgésicos no narcóticos, antipiréticos y antirreumáticos, de intención no determinada'),('Y11','Envenenamiento por, y exposición a drogas antiepilépticas, sedantes, hipnóticas, antiparkinsonianas y psicotrópicas, no clasificadas en otra parte, de intención no determinada'),('Y12','Envenenamiento por, y exposición a narcóticos y psicodislépticos [alucinógenos], no clasificados en otra parte, de intención no determinada'),('Y13','Envenenamiento por, y exposición a otras drogas que actúan sobre el sistema nervioso autónomo, de intención no determinada'),('Y14','Envenenamiento por, y exposición a otras drogas, medicamentos y sustancias biológicas, y las no especificadas, de intención no determinada'),('Y15','Envenenamiento por, y exposición al alcohol, de intención no determinada'),('Y16','Envenenamiento por, y exposición a disolventes orgánicos e hidrocarburos halogenados y sus vapores, de intención no determinada'),('Y17','Envenenamiento por, y exposición a otros gases y vapores, de intención no determinada'),('Y18','Envenenamiento por, y exposición a plaguicidas, de intención no determinada'),('Y19','Envenenamiento por, y exposición a otros productos químicos y sustancias nocivas, y los no especificados, de intención no determinada'),('Y20','Ahorcamiento, estrangulamiento y sofocación, de intención no determinada'),('Y21','Ahogamiento y sumersión, de intención no determinada'),('Y22','Disparo de arma corta, de intención no determinada'),('Y23','Disparo de rifle, escopeta y arma larga, de intención no determinada'),('Y24','Disparo de otras armas de fuego, y las no especificadas, de intención no determinada'),('Y25','Contacto traumático con material explosivo, de intención no determinada'),('Y26','Exposición al humo, fuego y llamas, de intención no determinada'),('Y27','Contacto con vapor de agua, vapores y objetos calientes, de intención no determinada'),('Y28','Contacto traumático con objeto cortante, de intención no determinada'),('Y29','Contacto traumático con objeto romo o sin filo, de intención no determinada'),('Y30','Caída, salto o empujón desde lugar elevado, de intención no determinada'),('Y31','Caída, permanencia o carrera delante o hacia objeto en movimiento, de intención no determinada'),('Y32','Colisión de vehículo de motor, de intención no determinada'),('Y33','Otros eventos especificados, de intención no determinada'),('Y34','Evento no especificado, de intención no determinada'),('Y35','Intervención legal'),('Y36','Operaciones de guerra'),('Y40','Efectos adversos de antibióticos sistémicos'),('Y41','Efectos adversos de otros antiinfecciosos y antiparasitarios sistémicos'),('Y42','Efectos adversos de hormonas y sus sustitutos sintéticos y antagonistas, no clasificados en otra parte'),('Y43','Efectos adversos de agentes sistémicos primarios'),('Y44','Efectos adversos de agentes que afectan primariamente los constituyentes de la sangre'),('Y45','Efectos adversos de drogas analgésicas, antipiréticas y antiinflamatorias'),('Y46','Efectos adversos de drogas antiepilépticas y antiparkinsonianas'),('Y47','Efectos adversos de drogas sedantes, hipnóticas y ansiolíticas'),('Y48','Efectos adversos de gases anestésicos y terapéuticos'),('Y49','Efectos adversos de drogas psicotrópicas, no clasificadas en otra parte'),('Y50','Efectos adversos de estimulantes del sistema nervioso central, no clasificados en otra parte'),('Y51','Efectos adversos de drogas que afectan primariamente el sistema nervioso autónomo'),('Y52','Efectos adversos de agentes que afectan primariamente el sistema cardiovascular'),('Y53','Efectos adversos de agentes que afectan primariamente el sistema gastrointestinal'),('Y54','Efectos adversos de agentes que afectan primariamente el equilibrio hídrico y el metabolismo mineral y del ácido úrico'),('Y55','Efectos adversos de agentes que actúan primariamente sobre los músculos lisos y estriados y sobre el sistema respiratorio'),('Y56','Efectos adversos de agentes tópicos que afectan primariamente la piel y las membranas mucosas, y drogas oftalmológicas, otorrinolaringológicas y dentales'),('Y57','Efectos adversos de otras drogas y medicamentos, y los no especificados'),('Y58','Efectos adversos de vacunas bacterianas'),('Y59','Efectos adversos de otras vacunas y sustancias biológicas, y las no especificadas'),('Y60','Corte, punción, perforación o hemorragia no intencional durante la atención médica y quirúrgica'),('Y61','Objeto extraño dejado accidentalmente en el cuerpo durante la atención médica y quirúrgica'),('Y62','Fallas en la esterilización durante la atención médica y quirúrgica'),('Y63','Falla en la dosificación durante la atención médica y quirúrgica'),('Y64','Medicamentos o sustancias biológicas contaminados'),('Y65','Otros incidentes durante la atención médica y quirúrgica'),('Y66','No administración de la atención médica y quirúrgica'),('Y69','Incidentes no especificados durante la atención médica y quirúrgica'),('Y70','Dispositivos de anestesiología asociados con incidentes adversos'),('Y71','Dispositivos cardiovasculares asociados con incidentes adversos'),('Y72','Dispositivos otorrinolaringológicos asociados con incidentes adversos'),('Y73','Dispositivos de gastroenterología y urología asociados con incidentes adversos'),('Y74','Dispositivos para uso hospitalario general y personal asociados con incidentes adversos'),('Y75','Dispositivos neurológicos asociados con incidentes adversos'),('Y76','Dispositivos ginecológicos y obstétricos asociados con incidentes adversos'),('Y77','Dispositivos oftálmicos asociados con incidentes adversos'),('Y78','Aparatos radiológicos asociados con incidentes adversos'),('Y79','Dispositivos ortopédicos asociados con incidentes adversos'),('Y80','Aparatos de medicina física asociados con incidentes adversos'),('Y81','Dispositivos de cirugía general y plástica asociados con incidentes adversos'),('Y82','Otros dispositivos médicos, y los no especificados, asociados con incidentes adversos'),('Y83','Cirugía y otros procedimientos quirúrgicos como la causa de reacción anormal del paciente o de complicación posterior, sin mención de incidente en el momento de efectuar el procedimiento'),('Y84','Otros procedimientos médicos como la causa de reacción anormal del paciente o de complicación posterior, sin mención de incidente en el momento de efectuar el procedimiento'),('Y85','Secuelas de accidentes de transporte'),('Y86','Secuelas de otros accidentes'),('Y87','Secuelas de lesiones autoinfligidas intencionalmente, agresiones y eventos de intención no determinada'),('Y88','Secuelas con atención médica y quirúrgica como causa externa'),('Y89','Secuelas de otras causas externas'),('Y90','Evidencia de alcoholismo determinada por el nivel de alcohol en la sangre'),('Y91','Evidencia de alcoholismo determinada por el nivel de intoxicación'),('Y95','Afección nosocomial'),('Y96','Afección relacionada con el trabajo'),('Y97','Afección relacionada con la contaminación ambiental'),('Y98','Afección relacionada con el estilo de vida'),('Z00','Examen general e investigación de personas sin quejas o sin diagnóstico informado'),('Z01','Otros exámenes especiales e investigaciones en personas sin quejas o sin diagnóstico informado'),('Z02','Exámenes y contactos para fines administrativos'),('Z03','Observación y evaluación médicas por sospecha de enfermedades y afecciones'),('Z04','Examen y observación por otras razones'),('Z08','Examen de seguimiento consecutivo al tratamiento por tumor maligno'),('Z09','Examen de seguimiento consecutivo a tratamiento por otras afecciones diferentes a tumores malignos'),('Z10','Control general de salud de rutina de subpoblaciones definidas'),('Z11','Examen de pesquisa especial para enfermedades infecciosas y parasitarias'),('Z12','Examen de pesquisa especial para tumores'),('Z13','Examen de pesquisa especial para otras enfermedades y trastornos'),('Z20','Contacto con y exposición a enfermedades transmisibles'),('Z21','Estado de infección asintomática por el virus de la inmunodeficiencia humana [VIH]'),('Z22','Portador de enfermedad infecciosa'),('Z23','Necesidad de inmunización contra enfermedad bacteriana única'),('Z24','Necesidad de inmunización contra ciertas enfermedades virales'),('Z25','Necesidad de inmunización contra otras enfermedades virales únicas'),('Z26','Necesidad de inmunización contra otras enfermedades infecciosas únicas'),('Z27','Necesidad de inmunización contra combinaciones de enfermedades infecciosas'),('Z28','Inmunización no realizada'),('Z29','Necesidad de otras medidas profilácticas'),('Z30','Atención para la anticoncepción'),('Z31','Atención para la procreación'),('Z32','Examen y prueba del embarazo'),('Z33','Estado de embarazo, incidental'),('Z34','Supervisión de embarazo normal'),('Z35','Supervisión de embarazo de alto riesgo'),('Z36','Pesquisas prenatales'),('Z37','Producto del parto'),('Z38','Nacidos vivos según lugar de nacimiento'),('Z39','Examen y atención del postparto'),('Z40','Cirugía profiláctica'),('Z41','Procedimientos para otros propósitos que no sean los de mejorar el estado de salud'),('Z42','Cuidados posteriores a la cirugía plástica'),('Z43','Atención de orificios artificiales'),('Z44','Prueba y ajuste de dispositivos protésicos externos'),('Z45','Asistencia y ajuste de dispositivos implantados'),('Z46','Prueba y ajuste de otros dispositivos'),('Z47','Otros cuidados posteriores a la ortopedia'),('Z48','Otros cuidados posteriores a la cirugía'),('Z49','Cuidados relativos al procedimiento de diálisis'),('Z50','Atención por el uso de procedimientos de rehabilitación'),('Z51','Otra atención médica'),('Z52','Donantes de órganos y tejidos'),('Z53','Persona en contacto con los servicios de salud para procedimientos específicos no realizados'),('Z54','Convalecencia'),('Z55','Problemas relacionados con la educación y la alfabetización'),('Z56','Problemas relacionados con el empleo y el desempleo'),('Z57','Exposición a factores de riesgo ocupacional'),('Z58','Problemas relacionados con el ambiente físico'),('Z59','Problemas relacionados con la vivienda y las circunstancias económicas'),('Z60','Problemas relacionados con el ambiente social'),('Z61','Problemas relacionados con hechos negativos en la niñez'),('Z62','Otros problemas relacionados con la crianza del niño'),('Z63','Otros problemas relacionados con el grupo primario de apoyo, inclusive circunstancias familiares'),('Z64','Problemas relacionados con ciertas circunstancias psicosociales'),('Z65','Problemas relacionados con otras circunstancias psicosociales'),('Z70','Consulta relacionada con actitud, conducta u orientación sexual'),('Z71','Personas en contacto con los servicios de salud por otras consultas y consejos médicos, no clasificados en otra parte'),('Z72','Problemas relacionados con el estilo de vida'),('Z73','Problemas relacionados con dificultades con el modo de vida'),('Z74','Problemas relacionados con dependencia del prestador de servicios'),('Z75','Problemas relacionados con facilidades de atención médica u otros servicios de salud'),('Z76','Personas en contacto con los servicios de salud por otras circunstancias'),('Z80','Historia familiar de tumor maligno'),('Z81','Historia familiar de trastornos mentales y del comportamiento'),('Z82','Historia familiar de ciertas discapacidades y enfermedades crónicas incapacitantes'),('Z83','Historia familiar de otros trastornos específicos'),('Z84','Historia familiar de otras afecciones'),('Z85','Historia personal de tumor maligno'),('Z86','Historia personal de algunas otras enfermedades'),('Z87','Historia personal de otras enfermedades y afecciones'),('Z88','Historia personal de alergia a drogas, medicamentos y sustancias biológicas'),('Z89','Ausencia adquirida de miembros'),('Z90','Ausencia adquirida de órganos, no clasificada en otra parte'),('Z91','Historia personal de factores de riesgo, no clasificados en otra parte'),('Z92','Historia personal de tratamiento médico'),('Z93','Aberturas artificiales'),('Z94','Organos y tejidos trasplantados'),('Z95','Presencia de implantes e injertos cardiovasculares'),('Z96','Presencia de otros implantes funcionales'),('Z97','Presencia de otros dispositivos'),('Z98','Otros estados postquirúrgicos'),('Z99','Dependencia de máquinas y dispositivos capacitantes, no clasificada en otra parte');
/*!40000 ALTER TABLE `cie10` ENABLE KEYS */;
UNLOCK TABLES;

--
-- Table structure for table `condicionegreso`
--

DROP TABLE IF EXISTS `condicionegreso`;
/*!40101 SET @saved_cs_client     = @@character_set_client */;
/*!40101 SET character_set_client = utf8 */;
CREATE TABLE `condicionegreso` (
  `idCondicionEgreso` int(11) NOT NULL AUTO_INCREMENT,
  `CausaEgreso` varchar(45) DEFAULT NULL,
  PRIMARY KEY (`idCondicionEgreso`)
) ENGINE=InnoDB AUTO_INCREMENT=5 DEFAULT CHARSET=utf8;
/*!40101 SET character_set_client = @saved_cs_client */;

--
-- Dumping data for table `condicionegreso`
--

LOCK TABLES `condicionegreso` WRITE;
/*!40000 ALTER TABLE `condicionegreso` DISABLE KEYS */;
INSERT INTO `condicionegreso` VALUES (1,'Alta'),(2,'Fallecimiento'),(3,'Traslado'),(4,'Derivación');
/*!40000 ALTER TABLE `condicionegreso` ENABLE KEYS */;
UNLOCK TABLES;

--
-- Table structure for table `diagnosticooperatorio`
--

DROP TABLE IF EXISTS `diagnosticooperatorio`;
/*!40101 SET @saved_cs_client     = @@character_set_client */;
/*!40101 SET character_set_client = utf8 */;
CREATE TABLE `diagnosticooperatorio` (
  `idDiagnosticoOperatorio` int(11) NOT NULL,
  `HistoriaClinica_nroHC` int(11) NOT NULL,
  `CIE10Egreso_idCIE10` varchar(3) NOT NULL,
  PRIMARY KEY (`idDiagnosticoOperatorio`),
  KEY `fk_DiagnosticoFinal_HistoriaClinica1_idx` (`HistoriaClinica_nroHC`),
  KEY `fk_DiagnosticoFinal_CIE-101_idx` (`CIE10Egreso_idCIE10`),
  CONSTRAINT `fk_DiagnosticoFinal_CIE-101` FOREIGN KEY (`CIE10Egreso_idCIE10`) REFERENCES `cie10` (`idCIE10`) ON DELETE NO ACTION ON UPDATE NO ACTION,
  CONSTRAINT `fk_DiagnosticoFinal_HistoriaClinica1` FOREIGN KEY (`HistoriaClinica_nroHC`) REFERENCES `historiaclinica` (`nroHC`) ON DELETE NO ACTION ON UPDATE NO ACTION
) ENGINE=InnoDB DEFAULT CHARSET=utf8;
/*!40101 SET character_set_client = @saved_cs_client */;

--
-- Dumping data for table `diagnosticooperatorio`
--

LOCK TABLES `diagnosticooperatorio` WRITE;
/*!40000 ALTER TABLE `diagnosticooperatorio` DISABLE KEYS */;
/*!40000 ALTER TABLE `diagnosticooperatorio` ENABLE KEYS */;
UNLOCK TABLES;

--
-- Table structure for table `egreso`
--

DROP TABLE IF EXISTS `egreso`;
/*!40101 SET @saved_cs_client     = @@character_set_client */;
/*!40101 SET character_set_client = utf8 */;
CREATE TABLE `egreso` (
  `idEgreso` int(11) NOT NULL AUTO_INCREMENT,
  `Egresocol` varchar(45) DEFAULT NULL,
  `fechaAlta_idFecha` int(11) NOT NULL,
  `CondicionEgreso_idCondicionEgreso` int(11) NOT NULL,
  PRIMARY KEY (`idEgreso`),
  KEY `fk_Egreso_Fecha1_idx` (`fechaAlta_idFecha`),
  KEY `fk_Egreso_CondicionEgreso1_idx` (`CondicionEgreso_idCondicionEgreso`),
  CONSTRAINT `fk_Egreso_CondicionEgreso1` FOREIGN KEY (`CondicionEgreso_idCondicionEgreso`) REFERENCES `condicionegreso` (`idCondicionEgreso`) ON DELETE NO ACTION ON UPDATE NO ACTION,
  CONSTRAINT `fk_Egreso_Fecha1` FOREIGN KEY (`fechaAlta_idFecha`) REFERENCES `fecha` (`idFecha`) ON DELETE NO ACTION ON UPDATE NO ACTION
) ENGINE=InnoDB DEFAULT CHARSET=utf8;
/*!40101 SET character_set_client = @saved_cs_client */;

--
-- Dumping data for table `egreso`
--

LOCK TABLES `egreso` WRITE;
/*!40000 ALTER TABLE `egreso` DISABLE KEYS */;
/*!40000 ALTER TABLE `egreso` ENABLE KEYS */;
UNLOCK TABLES;

--
-- Table structure for table `fecha`
--

DROP TABLE IF EXISTS `fecha`;
/*!40101 SET @saved_cs_client     = @@character_set_client */;
/*!40101 SET character_set_client = utf8 */;
CREATE TABLE `fecha` (
  `idFecha` int(11) NOT NULL AUTO_INCREMENT,
  `fecha` date DEFAULT NULL,
  PRIMARY KEY (`idFecha`)
) ENGINE=InnoDB DEFAULT CHARSET=utf8;
/*!40101 SET character_set_client = @saved_cs_client */;

--
-- Dumping data for table `fecha`
--

LOCK TABLES `fecha` WRITE;
/*!40000 ALTER TABLE `fecha` DISABLE KEYS */;
/*!40000 ALTER TABLE `fecha` ENABLE KEYS */;
UNLOCK TABLES;

--
-- Table structure for table `historiaclinica`
--

DROP TABLE IF EXISTS `historiaclinica`;
/*!40101 SET @saved_cs_client     = @@character_set_client */;
/*!40101 SET character_set_client = utf8 */;
CREATE TABLE `historiaclinica` (
  `nroHC` int(11) NOT NULL,
  `fechaDeIngreso` date NOT NULL,
  `ApellidoNombre` varchar(60) NOT NULL,
  `DNI` varchar(16) NOT NULL,
  `Sala_idSala` int(11) NOT NULL,
  `Cama_idCama` int(11) NOT NULL,
  `Sexo` varchar(2) NOT NULL,
  `Edad` int(11) NOT NULL,
  `Accidente` varchar(50) NOT NULL,
  `CIE10_idCIE10_ingreso` varchar(10) NOT NULL,
  `Barrio_idBarrio` int(11) NOT NULL,
  `Medico_idMedico` int(11) NOT NULL,
  `CIE10_idCIE10_intermedio` varchar(10) NOT NULL,
  `CIE10_idCIE10_egreso` varchar(10) NOT NULL,
  `fechaDeAlta` date NOT NULL,
  `CondicionEgreso_idCondicionEgreso` int(10) NOT NULL,
  PRIMARY KEY (`nroHC`)
) ENGINE=InnoDB DEFAULT CHARSET=utf8;
/*!40101 SET character_set_client = @saved_cs_client */;

--
-- Dumping data for table `historiaclinica`
--

LOCK TABLES `historiaclinica` WRITE;
/*!40000 ALTER TABLE `historiaclinica` DISABLE KEYS */;
INSERT INTO `historiaclinica` VALUES (12,'2018-01-31','fas','1234',1,1,'F',23,'afss','G00 ',163,13701481,'A23 ','S04 ','2018-02-21',2),(123,'2018-02-06','sfaasf','1542',5,2,'F',32,'afs','D00 ',377,11052278,'A15 ','G03 ','2018-02-21',3),(124,'2018-02-06','sfaasf','1542',5,2,'F',32,'afs','D00 ',377,11052278,'A15 ','G03 ','2018-02-21',3),(125,'2018-02-06','sfaasf','1542',5,2,'F',32,'afs','D00 ',377,11052278,'A15 ','G03 ','2018-02-21',3),(412,'2018-02-15','fas','53',2,5,'M',12,'afs','T01 ',170,13963248,'B18 ','R02 ','2018-02-06',2),(12345,'2018-02-06','safsfas','12345',4,10,'F',11,'safsaf','F01 ',163,13963248,'F54 ','R00 ','2018-02-11',2);
/*!40000 ALTER TABLE `historiaclinica` ENABLE KEYS */;
UNLOCK TABLES;

--
-- Table structure for table `matriculamedica`
--

DROP TABLE IF EXISTS `matriculamedica`;
/*!40101 SET @saved_cs_client     = @@character_set_client */;
/*!40101 SET character_set_client = utf8 */;
CREATE TABLE `matriculamedica` (
  `idmatriculaMedica` varchar(10) NOT NULL,
  `Descripcion` varchar(45) DEFAULT NULL,
  `Medico_DNI` int(11) NOT NULL,
  PRIMARY KEY (`idmatriculaMedica`),
  KEY `fk_matriculaMedica_Medico1_idx` (`Medico_DNI`),
  CONSTRAINT `fk_matriculaMedica_Medico1` FOREIGN KEY (`Medico_DNI`) REFERENCES `medico` (`DNI`) ON DELETE NO ACTION ON UPDATE NO ACTION
) ENGINE=InnoDB DEFAULT CHARSET=utf8;
/*!40101 SET character_set_client = @saved_cs_client */;

--
-- Dumping data for table `matriculamedica`
--

LOCK TABLES `matriculamedica` WRITE;
/*!40000 ALTER TABLE `matriculamedica` DISABLE KEYS */;
/*!40000 ALTER TABLE `matriculamedica` ENABLE KEYS */;
UNLOCK TABLES;

--
-- Table structure for table `medico`
--

DROP TABLE IF EXISTS `medico`;
/*!40101 SET @saved_cs_client     = @@character_set_client */;
/*!40101 SET character_set_client = utf8 */;
CREATE TABLE `medico` (
  `DNI` int(11) NOT NULL,
  `Nombre` varchar(60) DEFAULT NULL,
  `nroCel` varchar(12) DEFAULT NULL,
  PRIMARY KEY (`DNI`)
) ENGINE=InnoDB DEFAULT CHARSET=utf8;
/*!40101 SET character_set_client = @saved_cs_client */;

--
-- Dumping data for table `medico`
--

LOCK TABLES `medico` WRITE;
/*!40000 ALTER TABLE `medico` DISABLE KEYS */;
INSERT INTO `medico` VALUES (5785779,'SALAS CECILIA ESPERANZA','3517428525'),(8390302,'BERNASCONI JORGE RAUL','3543602869'),(11052278,'DEL BOCA RODOLFO DANIEL','3517665929'),(11865317,'LOPEZ ADRIANA ISABEL','3571697194'),(11971709,'ROCCA FERNANDO LUIS','3516223111'),(11973056,'LUCINO PABLO','156793827'),(11975187,'BLASON GUSTAVO WALTER','3513847518'),(12252911,'GOMEZ DANIEL HIPOLITO','3516065550'),(12761987,'GENTIL MELBA ESTELA',''),(12876422,'SOTERAS GUILLERMO JOSE','3516790803'),(12931745,'DORIGUTTI JOSE LUIS','3515216695'),(12998821,'QUELAS JORGE ALBERTO','3512482415'),(13221766,'FERNANDEZ CRISTOBAL ALBERTO','3516961313'),(13535166,'REYNOSO ARMANDO GUSTAVO','3514035841'),(13681158,'PROCIKIEVIEZ OSCAR','3516140237'),(13684589,'GOMEZ DELIA CRISTINA','3516571973'),(13701481,'ANUCH CABICHE ADRIAN E.','3516771509'),(13963248,'ALVAREZ ANDERSON GUSTAVO RAFAEL','3515079446'),(14366344,'TARANTO JOSE LUIS ALFONSO','3516573493'),(14366773,'MUZZIO SERGIO ALEJANDRO','3515586883'),(14535792,'BRUSA NORBERTO LEONARDO','3515521958'),(14574930,'CONDE EUGENIO PEDRO','3541682820'),(14586320,'LAVASELLI JUAN CARLOS','3515942769'),(16228913,'SUIZER ALEJANDRO MANUEL',''),(16230708,'CAMARA HECTOR ALFREDO','3516777935'),(16292891,'FERNANDEZ DANIEL ROBERTO','3515901465'),(16409699,'QUELAS MARIA ISABEL','351517524'),(16684214,'NIEVA VICTOR RAUL','3513534840'),(16906916,'SARRIA JUAN PABLO','3515333144'),(17000089,'ARANCIBIA ARROYO CARLOS ALFREDO','3515640338'),(17041349,'LEGUIZAMON MARTA DEL CARMEN','3517519680'),(17044877,'LOCICERO SERGIO MARIO','3512566366'),(17069473,'GANDOLFO ROBERTO DARIO','3516518992'),(17154688,'ALONSO GUSTAVO JUAN','3515524752'),(17158629,'FUENTES JAVIER','3516264908'),(17261665,'GARCIA FERNANDO JESUS','3515080535'),(17425662,'NONINO BETINA M.DEL HUERTO','3518095401'),(17627229,'ROMERO RITA ALEJANDRA','3513989710'),(17627399,'OHANIAN ALEXIS EDUARDO','3515190850'),(17628710,'SORIA HORACIO OSCAR','3513920655'),(17682248,'CAPDEVILA JUAN CARLOS','3515475651'),(18219500,'PAJON JUAREZ SHIRLEY','3515161667'),(18291307,'CAMPERO AMALIA GABRIELA','3516879930'),(18302473,'MANZINO RICARDO ALFREDO','3549634039'),(18329684,'CEJAS HUGO ALEJANDRO','3515080748'),(18405631,'MARCON GUILLERMO ALDO','3513066560'),(18408631,'VERA SANDRA SUSANA',''),(18840220,'FAGIANO NANCY MARIA','3515054786'),(18844381,'TAIÑA MAMANI NOEMI PRESCILA',''),(20150032,'RABBAT DAMIAN ERNESTO','3512413060'),(20189556,'VELEZ SEBASTIAN EDUARDO','3514036161'),(20268810,'MARTINEZ GUILLERMO','3512041742'),(20380092,'CARRANZA ALIAGA AGUSTIN','3516751419'),(20433130,'PAHNKE PERLA BLANCA','3515178795'),(20622886,'MACHADO MARIA ANGELES','3515939866'),(20649702,'DI GREGORIO MARIA JOSE','3516166217'),(20786332,'COCCO MARIANO ANTONIO','3514085220'),(20996936,'GORENA MARIELA ESTER','3516149428'),(20998637,'MONTENEGRO GUILLERMO RUBEN','3513100314'),(21084112,'REYNA DARIO ALFREDO','3517628692'),(21391436,'MUÑOZ JUAN ANTONIO','3517663566'),(21404123,'SALVI DAVID JAVIER','3516532812'),(21514049,'OLMOS MONICA GABRIELA','3515302232'),(21519438,'PACHECO JOAQUIN OSVALDO','3512283257'),(21628129,'DANTUR ENRIQUE ALEJANDRO','3515413129'),(21773658,'VILADRICH IVANA DEL CARMEN','3571521801'),(21966342,'PIVA ELIZABETH','3515414636'),(22033751,'LEHITE VERONICA MARIEL','3516004750'),(22103708,'GRANADO MIRIAN ROSANA','3515141129'),(22159226,'OCAMPO IVANA PATRICIA','3515104495'),(22354976,'TANTERA FRANCO CRISTIAN','3517541789'),(22374867,'NASER MARIA CELESTE','3516066095'),(22499280,'GARCIA NATALIA RUTH','35433885434'),(22560480,'VELAZQUEZ QUINTAR DANIEL GUSTAVO','3513843838'),(22772629,'MATUS GUSTAVO NICOLAS','3515286310'),(22793377,'LAVASELLI PAULA ANDREA','3513681158'),(22796795,'PASCOLO DIEGO ANTONIO','3513218736'),(23115049,'VITALI FABRICIO','3516437895'),(23142468,'MARCATO CECILIA MARIA','3572615422'),(23395233,'GONZALEZ ANDREA CECILIA','3516958282'),(23726494,'OSTORERO ARIEL MARTIN','3516335483'),(23824119,'PAVAN SEBASTIAN','3515737102'),(23855208,'VILKELIS ANDREA','3515900397'),(23981574,'PERALTA ARIEL RAMIRO C.','3515440411'),(24016346,'JUNCOS MIGUEL ANGEL','3513279400'),(24016428,'MISA MARIA ANDREA','3516172878'),(24046117,'SOLLA GONZALO JOSE','3512786868'),(24196002,'RINALDI JUAN PABLO','35147579606'),(24488980,'MENDEZ MARIA LORENA','3516064664'),(24598439,'TITTARELLI MAXIMILIANO','3516160479'),(24615470,'IGLESIAS LUTRI SANTIAGO NICOLAS','3516326506'),(24692860,'MARTINEZ GALLARDO IVAN JULIO','3515579033'),(24841431,'PINTO GABRIEL','3517037253'),(25002060,'PIPET GUILLERMO ANDRES','3512636600'),(25043167,'HERRERO IVANA LIS','3512463639'),(25267576,'PIZARRO ANDRES ESTEBAN','3513024156'),(25267876,'GENOLET CHRISTIAN ALEJANDRO','3517076986'),(25343073,'MOLINA MAURICIO MIGUEL','3513768210'),(25469320,'CABRERA DANIEL ENRIQUE',''),(25566078,'BERNASCONI PABLO RAUL','3543553823'),(25613187,'BLANCO GARECA ALFREDO','3512199200'),(25791876,'RUIZ JOSE MARIA','3516314416'),(25798906,'PUIG ISMAEL DIEGO','3515334158'),(25851978,'LABRIOLA MA. CECILIA','3515074947'),(25862603,'GALLARDO SORAIDA ILIANA','3512661682'),(26103769,'PAGNI ROMINA','3515907838'),(26181375,'CUEVAS AGUSTIN JORGE','3515052486'),(26187762,'RODRIGUEZ DIEGO JULIO RODRIGO','3516139483'),(26201115,'AROCENA MARIANO ALFREDO','3515902989'),(26319092,'SOSA MARIA CECILIA','3513030796'),(26480948,'CRESPO MATIAS JOSE','3515914287'),(26791246,'NIEVAS ARAYA FRANCISCO ARIEL','3515192386'),(27058389,'IGLESIAS MARIO MARCELO JORGE','3516289599'),(27077306,'BAZAN LORENA','3512555526'),(27108951,'CROSETTO PABLO MANUEL','3515905959'),(27395442,'NIETO ROMINA ELENA','3548504450'),(27469792,'MASCANFRONI HORACIO MARTIN','3516061307'),(27527666,'RODRIGUEZ BLANCO DARIO ANDRES','3513218245'),(27654356,'BAEZ MATIAS','3517316688'),(27654963,'MAGNO MARIA DEL PILAR','3513248056'),(27656388,'MALDONADO NOELIA MARIEL','3513159811'),(27772243,'LANIERI LARA NOEL','3515135480'),(27776203,'MORALES JUAN IGNACIO','3512112072'),(27866850,'FARFAN DIEGO FERNANDO','3513898637'),(27896511,'MALATINI MARTIN','3512339064'),(27920243,'JALIL RAUL EMILIO','3517328267'),(28114327,'CHECA ANALIA','3515184988'),(28268870,'FREITES MARTINA','3512737720'),(28426173,'PEREZ TIRANTI DANTE EUGENIO','3513989444'),(28428772,'CARBONETTI MARCELO ALEJANDRO','3516618488'),(28431159,'VARELA FRANCISCO JOSE','3515412004'),(28564998,'CORTEZ NATALIA JESUS','3516455208'),(28581505,'LA GIGLIA CRISTIAN EZEQUIEL','3572507797'),(28655499,'DAYER CARLOS ENRIQUE','351682927'),(28849474,'QUIROGA GUALLANES ROMINA','3513955474'),(28852762,'BRITO JOSE ALBERTO','3516423280'),(29178643,'PAULINA EDUARDO ORLANDO','3513501823'),(29202017,'ARAGON PAULA MARYSEL','3513659618'),(29202565,'RUIZ MARCELA','3515907141'),(29202927,'CORBALAN LEANDRO IVAN','3516790505'),(29475230,'YASSE MARIA ELISA','3512549862'),(29477540,'BELTRAMO MARIANA INES','3516459636'),(29620178,'IBARRA MAURO ANIBAL','3517679780'),(29653125,'CURA CLAUDIA ALEJANDRA','3515929014'),(29711189,'TAMBINI DIAZ JORGE LUIS','3515730358'),(29712573,'PRIETO DANAE','3515218111'),(30111620,'QUEVEDO NOELIA ELIZABETH','3516571973'),(30327159,'MARCOS MARIANA','3516831502'),(31180837,'SARAVIA MARIA BELEN','3516775645'),(31217191,'CENA SANTIAGO','3516315706'),(31313886,'VIGNOLO MARIA VICTORIA','3515140992'),(31416211,'VIGNETTA MA. CELESTE','3512152562'),(31527469,'SESMA ANA CLAUDIA',''),(31843586,'CANGA CASTELLANOS CARLOS','3513877496'),(31976522,'VINTI MARIA JULIA','3516765685'),(32157211,'SANCHEZ CORDON RODRIGO ALEXIS','3517010246');
/*!40000 ALTER TABLE `medico` ENABLE KEYS */;
UNLOCK TABLES;

--
-- Table structure for table `operacionrealizada`
--

DROP TABLE IF EXISTS `operacionrealizada`;
/*!40101 SET @saved_cs_client     = @@character_set_client */;
/*!40101 SET character_set_client = utf8 */;
CREATE TABLE `operacionrealizada` (
  `idOperacionRealizada` int(11) NOT NULL AUTO_INCREMENT,
  `Medico_idMedico` int(11) NOT NULL,
  `CIE10Intermedia_idCIE10` varchar(3) NOT NULL,
  PRIMARY KEY (`idOperacionRealizada`),
  KEY `fk_IntervencionMedica_Medico1_idx` (`Medico_idMedico`),
  KEY `fk_IntervencionRealizada_CIE-101_idx` (`CIE10Intermedia_idCIE10`),
  CONSTRAINT `fk_IntervencionMedica_Medico1` FOREIGN KEY (`Medico_idMedico`) REFERENCES `medico` (`DNI`) ON DELETE NO ACTION ON UPDATE NO ACTION,
  CONSTRAINT `fk_IntervencionRealizada_CIE-101` FOREIGN KEY (`CIE10Intermedia_idCIE10`) REFERENCES `cie10` (`idCIE10`) ON DELETE NO ACTION ON UPDATE NO ACTION
) ENGINE=InnoDB DEFAULT CHARSET=utf8;
/*!40101 SET character_set_client = @saved_cs_client */;

--
-- Dumping data for table `operacionrealizada`
--

LOCK TABLES `operacionrealizada` WRITE;
/*!40000 ALTER TABLE `operacionrealizada` DISABLE KEYS */;
/*!40000 ALTER TABLE `operacionrealizada` ENABLE KEYS */;
UNLOCK TABLES;

--
-- Table structure for table `sala`
--

DROP TABLE IF EXISTS `sala`;
/*!40101 SET @saved_cs_client     = @@character_set_client */;
/*!40101 SET character_set_client = utf8 */;
CREATE TABLE `sala` (
  `idSala` int(11) NOT NULL,
  `nombreSala` varchar(45) NOT NULL,
  PRIMARY KEY (`idSala`)
) ENGINE=InnoDB DEFAULT CHARSET=utf8;
/*!40101 SET character_set_client = @saved_cs_client */;

--
-- Dumping data for table `sala`
--

LOCK TABLES `sala` WRITE;
/*!40000 ALTER TABLE `sala` DISABLE KEYS */;
INSERT INTO `sala` VALUES (1,'Guardia'),(2,'Sector A'),(3,'Sector C'),(4,'Shock Room'),(5,'UTI - Unidad de Terapia Intensiva');
/*!40000 ALTER TABLE `sala` ENABLE KEYS */;
UNLOCK TABLES;

--
-- Table structure for table `sectoradmision`
--

DROP TABLE IF EXISTS `sectoradmision`;
/*!40101 SET @saved_cs_client     = @@character_set_client */;
/*!40101 SET character_set_client = utf8 */;
CREATE TABLE `sectoradmision` (
  `idSector` int(11) NOT NULL AUTO_INCREMENT,
  `descripcion` varchar(45) COLLATE utf8_spanish2_ci NOT NULL,
  PRIMARY KEY (`idSector`)
) ENGINE=InnoDB AUTO_INCREMENT=5 DEFAULT CHARSET=utf8 COLLATE=utf8_spanish2_ci;
/*!40101 SET character_set_client = @saved_cs_client */;

--
-- Dumping data for table `sectoradmision`
--

LOCK TABLES `sectoradmision` WRITE;
/*!40000 ALTER TABLE `sectoradmision` DISABLE KEYS */;
INSERT INTO `sectoradmision` VALUES (1,'Sector A'),(2,'Sector C'),(3,'UTI'),(4,'ShockRoom');
/*!40000 ALTER TABLE `sectoradmision` ENABLE KEYS */;
UNLOCK TABLES;

--
-- Table structure for table `urgenciamedica`
--

DROP TABLE IF EXISTS `urgenciamedica`;
/*!40101 SET @saved_cs_client     = @@character_set_client */;
/*!40101 SET character_set_client = utf8 */;
CREATE TABLE `urgenciamedica` (
  `idAccidente` int(11) NOT NULL AUTO_INCREMENT,
  `fechaIngreso_idFecha` int(11) NOT NULL,
  `CIE10Ingreso_idCIE10` varchar(3) NOT NULL,
  PRIMARY KEY (`idAccidente`),
  KEY `fk_Accidente_Fecha1_idx` (`fechaIngreso_idFecha`),
  KEY `fk_UrgenciaMedica_CIE-101_idx` (`CIE10Ingreso_idCIE10`),
  CONSTRAINT `fk_Accidente_Fecha1` FOREIGN KEY (`fechaIngreso_idFecha`) REFERENCES `fecha` (`idFecha`) ON DELETE NO ACTION ON UPDATE NO ACTION,
  CONSTRAINT `fk_UrgenciaMedica_CIE-101` FOREIGN KEY (`CIE10Ingreso_idCIE10`) REFERENCES `cie10` (`idCIE10`) ON DELETE NO ACTION ON UPDATE NO ACTION
) ENGINE=InnoDB DEFAULT CHARSET=utf8;
/*!40101 SET character_set_client = @saved_cs_client */;

--
-- Dumping data for table `urgenciamedica`
--

LOCK TABLES `urgenciamedica` WRITE;
/*!40000 ALTER TABLE `urgenciamedica` DISABLE KEYS */;
/*!40000 ALTER TABLE `urgenciamedica` ENABLE KEYS */;
UNLOCK TABLES;

--
-- Table structure for table `usuario`
--

DROP TABLE IF EXISTS `usuario`;
/*!40101 SET @saved_cs_client     = @@character_set_client */;
/*!40101 SET character_set_client = utf8 */;
CREATE TABLE `usuario` (
  `idUsuario` int(11) NOT NULL AUTO_INCREMENT,
  `nombreUsuario` varchar(45) COLLATE utf8_spanish2_ci NOT NULL,
  `password` varchar(45) CHARACTER SET utf8 NOT NULL,
  PRIMARY KEY (`idUsuario`)
) ENGINE=InnoDB AUTO_INCREMENT=3 DEFAULT CHARSET=utf8 COLLATE=utf8_spanish2_ci;
/*!40101 SET character_set_client = @saved_cs_client */;

--
-- Dumping data for table `usuario`
--

LOCK TABLES `usuario` WRITE;
/*!40000 ALTER TABLE `usuario` DISABLE KEYS */;
INSERT INTO `usuario` VALUES (2,'admin','2be595df63390048fa6385e35a8a5e05');
/*!40000 ALTER TABLE `usuario` ENABLE KEYS */;
UNLOCK TABLES;
/*!40103 SET TIME_ZONE=@OLD_TIME_ZONE */;

/*!40101 SET SQL_MODE=@OLD_SQL_MODE */;
/*!40014 SET FOREIGN_KEY_CHECKS=@OLD_FOREIGN_KEY_CHECKS */;
/*!40014 SET UNIQUE_CHECKS=@OLD_UNIQUE_CHECKS */;
/*!40101 SET CHARACTER_SET_CLIENT=@OLD_CHARACTER_SET_CLIENT */;
/*!40101 SET CHARACTER_SET_RESULTS=@OLD_CHARACTER_SET_RESULTS */;
/*!40101 SET COLLATION_CONNECTION=@OLD_COLLATION_CONNECTION */;
/*!40111 SET SQL_NOTES=@OLD_SQL_NOTES */;

-- Dump completed on 2018-03-24 18:05:36
